Workbook

Sheet Sheet1
A1: 1
A2: 2 | B2: 2 | C2: 1 | D2: 1 | E2: 1 | F2: 1 | G2: 1 | H2: 1 | I2: 1 | J2: 1 | K2: 1 | L2: 1
A3: 3 | B3: DepartmentCode1 | C3: CountEmp | D3: thc_wt1 | E3: thc_wt9 | F3: thc_wt3 | G3: thc_wt4 | H3: thc_wt5 | I3: thc_wt6 | J3: thc_wt7 | K3: thc_wt8 | L3: Ternimated
A4: 4

Sheet Summary
A1: ="MAT/MMT/MET ACTUAL & PLAN MAN HOUR COMPARISON OF " & UPPER(TEXT(DATE(Sheet1!A2,Sheet1!A1,1),"MMM yyyy")) &" (1-" & DAY(EOMONTH(DATE(Sheet1!A2,Sheet1!A1,1),0))& ")" -> MAT/MMT/MET ACTUAL & PLAN MAN HOUR COMPARISON OF JAN 1902 (1-31)
A5: I. MAT/MET OT | E5: Normal working hour | AJ5: Unit : converted hour
A6: Row Labels | B6: M/P | E6: Normal working hour (Day& night) (Plan) | F6: Day Actual (A) | G6: Night - Actual | H6: 1.5 | L6: 2 | P6: 2.1 | T6: 2.7 | X6: 30% allowance for night shift | AB6: 3 | AF6: 3.9 | AJ6: Total plan (A) | AK6: Total Actual (B) | AL6: Diff (B-A) | AM6: Quited job
B7: Plan | C7: Actual | H7: Plan convert (A) | I7: Actual origin | J7: Actual convert (B) | K7: Diff (B-A) | L7: Plan convert | M7: Actual origin | N7: Actual convert | O7: Diff | P7: Plan convert | Q7: Actual origin | R7: Actual convert | S7: Diff | T7: Plan convert | U7: Actual origin | V7: Actual convert | W7: Diff | X7: Plan convert | Y7: Actual origin | Z7: Actual convert | AA7: Diff | AB7: Plan convert | AC7: Actual origin | AD7: Actual convert | AE7: Diff | AF7: Plan convert | AG7: Actual origin | AH7: Actual convert | AI7: Diff
A8: MET /MMT Worker | C8: =Sheet1!C7+Sheet1!C8 -> 0 | F8: =Sheet1!D7+Sheet1!C8 -> 0 | G8: =Sheet1!E7+Sheet1!E8 -> 0 | I8: =Sheet1!F7+Sheet1!F8 -> 0 | J8: =I8*1.5 -> 0 | K8: =+J8-H8 -> 0 | M8: =Sheet1!G7+Sheet1!G8 -> 0 | N8: =M8*2 -> 0 | O8: =+N8-L8 -> 0 | Q8: =Sheet1!H7+Sheet1!H8 -> 0 | R8: =Q8*2.1 -> 0 | S8: =+R8-P8 -> 0 | U8: =Sheet1!I7+Sheet1!I8 -> 0 | V8: =U8*2.7 -> 0 | W8: =+V8-T8 -> 0 | Y8: =G8 -> 0 | Z8: =Y8*0.3 -> 0 | AA8: =+Z8-X8 -> 0 | AC8: =Sheet1!J7+Sheet1!J8 -> 0 | AD8: =AC8*3 -> 0 | AE8: =+AD8-AB8 -> 0 | AF8: =VLOOKUP(A8,'[2]TOTAL MH Plan'!$A$4:$K$6,11,0) -> 0 | AG8: =Sheet1!K7+Sheet1!K8 -> 0 | AH8: =AG8*3.9 -> 0 | AI8: =+AH8-AF8 -> 0 | AJ8: =+H8+L8+P8+T8+X8+AF8+E8+AB8 -> 0 | AK8: =F8+G8+J8+N8+R8+V8+Z8+AD8+AH8 -> 0 | AL8: =+AK8-AJ8 -> 0 | AM8: =Sheet1!L7+Sheet1!L8 -> 0
A9: MAT worker | C9: =Sheet1!C6 -> 0 | F9: =Sheet1!D6 -> 0 | G9: =Sheet1!E6 -> 0 | I9: =Sheet1!F6 -> 0 | J9: =I9*1.5 -> 0 | K9: =+J9-H9 -> 0 | M9: =Sheet1!G6 -> 0 | N9: =M9*2 -> 0 | O9: =+N9-L9 -> 0 | Q9: =Sheet1!H6 -> 0 | R9: =Q9*2.1 -> 0 | S9: =+R9-P9 -> 0 | U9: =Sheet1!I6 -> 0 | V9: =U9*2.7 -> 0 | W9: =+V9-T9 -> 0 | Y9: =G9 -> 0 | Z9: =Y9*0.3 -> 0 | AA9: =+Z9-X9 -> 0 | AB9: =+VLOOKUP(A9,'[2]TOTAL MH Plan'!$A$4:$K$6,10,0) -> 0 | AC9: =Sheet1!J6 -> 0 | AD9: =AC9*3 -> 0 | AE9: =+AD9-AB9 -> 0 | AF9: =VLOOKUP(A9,'[2]TOTAL MH Plan'!$A$4:$K$6,11,0) -> 0 | AG9: =Sheet1!K6 -> 0 | AH9: =AG9*3.9 -> 0 | AI9: =+AH9-AF9 -> 0 | AJ9: =+H9+L9+P9+T9+X9+AF9+E9+AB9 -> 0 | AK9: =+F9+G9+J9+N9+R9+V9+Z9+AD9+AH9 -> 0 | AL9: =+AK9-AJ9 -> 0 | AM9: =Sheet1!L6 -> 0
A10: Temporary worker | E10: =+VLOOKUP(A10,'[2]TOTAL MH Plan'!$A$6:$D$6,4,0) -> 0 | H10: =IFERROR(VLOOKUP(A10,'[2]TOTAL MH Plan'!$A$4:$L$7,6,0),0) -> 0 | K10: =+J10-H10 -> 0 | L10: =+IFERROR(VLOOKUP(A10,'[2]TOTAL MH Plan'!$A$4:$K$6,7,0),0) -> 0 | O10: =+N10-L10 -> 0 | P10: =+IFERROR(VLOOKUP(A10,'[2]TOTAL MH Plan'!$A$4:$K$7,8,0),0) -> 0 | S10: =+R10-P10 -> 0 | T10: =IFERROR(VLOOKUP(A10,'[2]TOTAL MH Plan'!$A$4:$K$6,9,0),0) -> 0 | W10: =+V10-T10 -> 0 | X10: =IFERROR(VLOOKUP(A10,'[2]TOTAL MH Plan'!$A$4:$E$6,5,0),0) -> 0 | Z10: =IFERROR(VLOOKUP(A10,[2]Privot!$A$4:$F$6,6,0),0) -> 0 | AA10: =+Z10-X10 -> 0 | AB10: =+VLOOKUP(A10,'[2]TOTAL MH Plan'!$A$4:$K$6,10,0) -> 0 | AJ10: =+H10+L10+P10+T10+X10+AF10+E10+AB10 -> 0 | AK10: =+F10+G10+J10+N10+R10+V10+Z10+AD10+AH10 -> 0 | AL10: =+AK10-AJ10 -> 0
A11: Grand Total | B11: =SUM(B8:B10) -> 0 | C11: =SUM(C8:C10) -> 0 | D11: =SUM(D8:D10) -> 0 | E11: =SUM(E8:E10) -> 0 | F11: =SUM(F8:F10) -> 0 | G11: =SUM(G8:G10) -> 0 | H11: =SUM(H8:H10) -> 0 | I11: =SUM(I8:I10) -> 0 | ... AJ11: =SUM(AJ8:AJ10) -> 0 | AK11: =+F11+G11+J11+N11+R11+V11+Z11 -> 0 | AL11: =+AK11-AJ11 -> 0 | AM11: =SUM(AM8:AM10) -> 0
A12: Normal hour ( not convrt) | J12: =+J11/1.5 -> 0 | L12: =+L11/2 -> 0 | N12: =+N11/2 -> 0 | O12: =+O11/2 -> 0 | R12: =+R11/2.1 -> 0 | S12: =+S11/2.1 -> 0 | V12: =+V11/2.7 -> 0 | W12: =+W11/2.7 -> 0
A14: ACTUAL CONVERTED | D14: Actual | M14: Plan
D15: Class | G15: day | I15: night | K15: 계 | M15: Class | P15: day | R15: night | T15: 계
G16: Normal day & night | H16: Overtime | I16: 30% night | J16: Overtime | P16: Normal day & night | Q16: Overtime | R16: 30% night | S16: Overtime
D17: M/H 계산 | F17: Normal | G17: =+(F11+G11)-(F10+G10) -> 0 | H17: =+J11-J10 -> 0 | I17: =+(Z11)-Z10 -> 0 | J17: =+R11-R10 -> 0 | K17: =SUM(G17:J17) -> 0 | M17: a.M/H 계산 | O17: Normal | P17: =+E11-E10 -> 0 | Q17: =+H11-H10 -> 0 | R17: =+X11-X10 -> 0 | S17: =+P11-P10 -> 0 | T17: =SUM(P17:S17) -> 0
F18: Saturday | H18: =+N11-N10 -> 0 | J18: =+V11-V10 -> 0 | K18: =SUM(G18:J18) -> 0 | O18: Saturday | Q18: =+L11-L10 -> 0 | S18: =+T11-T10 -> 0 | T18: =SUM(P18:S18) -> 0
F19: Temporary (a) | G19: =+F10 -> 0 | H19: =+J10 -> 0 | I19: =+G10+G10 -> 0 | J19: =+R10 -> 0 | K19: =SUM(G19:J19) -> 0 | O19: Temporary (a) | P19: =+E10 -> 0 | Q19: =+H10 -> 0 | R19: =+X10 -> 0 | S19: =+P10 -> 0 | T19: =SUM(P19:S19) -> 0
F20: Saturday | H20: =+N10 -> 0 | J20: =+V10 -> 0 | K20: =SUM(G20:J20) -> 0 | O20: Saturday | Q20: =+L10 -> 0 | S20: =+T10 -> 0 | T20: =SUM(P20:S20) -> 0
F21: Holiday | K21: =SUM(G21:J21) -> 0 | O21: Holiday | P21: =+AB10 -> 0 | S21: =+AF10 -> 0 | T21: =SUM(P21:S21) -> 0
F22: Holiday | G22: =+AD11 -> 0 | I22: =+AH11 -> 0 | K22: =SUM(G22:J22) -> 0 | O22: Holiday | P22: =+AB11-AB10 -> 0 | S22: =+AF11-AF10 -> 0 | T22: =SUM(P22:S22) -> 0 | V22: =+K20+K19-V21 -> 0
F23: sum | G23: =SUM(G17:G22) -> 0 | H23: =SUM(H17:H22) -> 0 | I23: =SUM(I17:I22) -> 0 | J23: =SUM(J17:J22) -> 0 | K23: =SUM(K17:K22) -> 0 | L23: =+K23-K19-K20-K21 -> 0 | O23: sum | P23: =SUM(P17:P22) -> 0 | Q23: =SUM(Q17:Q22) -> 0 | R23: =SUM(R17:R22) -> 0 | S23: =SUM(S17:S22) -> 0 | T23: =SUM(T17:T22) -> 0 | U23: =+K23-T23 -> 0
D24: Other | F24: Suspension (b) | K24: =+G24 -> 0 | M24: b. Other | O24: Suspension (b) | T24: =+P24 -> 0
D25: Total | K25: =+K24+K23 -> 0 | L25: =+K25-L23 -> 0 | M25: Total (a+b) | T25: =+T23+T24 -> 0
D26: Manpower | F26: =+C11 -> 0 | M26: Manpower | O26: =+B11 -> 0 | R26: Diff | T26: =+K25-T25 -> 0
D27: Man total | F27: =+(G17+G19)/8 -> 0 | M27: Man total | O27: =+(P17+P19)/8 -> 0
D28: Man hour | F28: =+K25 -> 0 | M28: Man hour | O28: =+T23 -> 0
F29: Working day | K29: =+(F11+G11)/8 -> 0 | O29: Working day | T29: =+(P17)/8 -> 0
F30: M/P | K30: =F26 -> 0 | O30: M/P | T30: =K30 -> 0
D31: Item | F31: Plan (1) | G31: Actual (2) | H31: Rate (2:1) | J31: Detail m/h
J32: On week | K32: Overtime | L32: Total
D33: M/P | F33: =+B11 -> 0 | G33: =+C11 -> 0 | H33: =+G33/F33 -> #DIV/0! | I33: Plan | L33: =+SUM(J33:K33) -> 0
I34: Actual | J34: =F27 -> 0 | K34: =(M8+M9+U8+U9)/11.5 -> 0 | L34: =+SUM(J34:K34) -> 0
D35: Manhour | F35: =+T25 -> 0 | G35: =+K25 -> 0 | H35: =+G35/F35 -> #DIV/0! | I35: Plan | L35: =+SUM(J35:K35) -> 0
I36: Actual | J36: =+K17+K19 -> 0 | K36: =+K18+K20+K22 -> 0 | L36: =+SUM(J36:K36) -> 0
