Workbook

Sheet Sheet1
A1: 1
A2: 2 | B2: 2 | C2: 1 | D2: 1 | E2: 1 | F2: 1 | G2: 1 | H2: 1 | I2: 1 | J2: 1 | K2: 1 | L2: 1 | M2: 1 | N2: 1 | O2: 1 | P2: 1 | Q2: 1 | R2: 1 | S2: 1 | T2: 1 | U2: 1 | V2: 1 | W2: 1 | X2: 1 | Y2: 1 | Z2: 1 | AA2: 1 | AB2: 1 | AC2: 1 | AD2: 1 | AE2: 1 | AF2: 1 | AG2: 1
A3: 3 | B3: DepartmentCode1 | C3: d1 | D3: d2 | E3: d3 | F3: d4 | G3: d5 | H3: d6 | I3: d7 | J3: d8 | K3: d9 | L3: d10 | M3: d11 | N3: d12 | O3: d13 | P3: d14 | Q3: d15 | R3: d16 | S3: d17 | T3: d18 | U3: d19 | V3: d20 | W3: d21 | X3: d22 | Y3: d23 | Z3: d24 | AA3: d25 | AB3: d26 | AC3: d27 | AD3: d28 | AE3: d29 | AF3: d30 | AG3: d31
A4: 4
A5: 5

Sheet Sum
A1: MAT | B1: =TEXT(Sheet1!A1,"MMM") &" working number of workers" -> Jan working number of workers
A2: Number | B2: 44927 | C2: =B2+1 -> 44928 | D2: =C2+1 -> 44929 | E2: =D2+1 -> 44930 | F2: =E2+1 -> 44931 | G2: =F2+1 -> 44932 | H2: =G2+1 -> 44933 | I2: =H2+1 -> 44934 | J2: =I2+1 -> 44935 | ... AF2: =AE2+1 -> 44957 | AG2: Average
A3: T/O | B3: =Sheet1!C4 -> 0 | C3: =Sheet1!D4 -> 0 | D3: =Sheet1!E4 -> 0 | E3: =Sheet1!F4 -> 0 | F3: =Sheet1!G4 -> 0 | G3: =Sheet1!H4 -> 0 | H3: =Sheet1!I4 -> 0 | I3: =Sheet1!J4 -> 0 | ... AF3: =Sheet1!AG4 -> 0 | AG3: =ROUND(AVERAGE(D3:H3,J3:N3,Q3:T3,AA3:AB3,AE3,AH3),0) -> 0
A4: Actual | B4: =Sheet1!C5 -> 0 | C4: =Sheet1!D5 -> 0 | D4: =Sheet1!E5 -> 0 | E4: =Sheet1!F5 -> 0 | F4: =Sheet1!G5 -> 0 | G4: =Sheet1!H5 -> 0 | H4: =Sheet1!I5 -> 0 | I4: =Sheet1!J5 -> 0 | ... AF4: =Sheet1!AG5 -> 0 | AG4: =ROUND(AVERAGE(D4:H4,J4:N4,Q4:T4,AA4:AB4,AE4,AH4),0) -> 0
A5: Annual Leave | B5: =Sheet1!C6 -> 0 | C5: =Sheet1!D6 -> 0 | D5: =Sheet1!E6 -> 0 | E5: =Sheet1!F6 -> 0 | F5: =Sheet1!G6 -> 0 | G5: =Sheet1!H6 -> 0 | H5: =Sheet1!I6 -> 0 | I5: =Sheet1!J6 -> 0 | ... AF5: =Sheet1!AG6 -> 0 | AG5: =ROUND(AVERAGE(D5:H5,J5:N5,Q5:T5,AA5:AB5,AE5,AH5),0) -> 0
A7: QCT
A8: Number | B8: 44927 | C8: =B8+1 -> 44928 | D8: =C8+1 -> 44929 | E8: =D8+1 -> 44930 | F8: =E8+1 -> 44931 | G8: =F8+1 -> 44932 | H8: =G8+1 -> 44933 | I8: =H8+1 -> 44934 | J8: =I8+1 -> 44935 | ... AG8: =AF8+1 -> 44958
A9: T/O | B9: =Sheet1!C7 -> 0 | C9: =Sheet1!D7 -> 0 | D9: =Sheet1!E7 -> 0 | E9: =Sheet1!F7 -> 0 | F9: =Sheet1!G7 -> 0 | G9: =Sheet1!H7 -> 0 | H9: =Sheet1!I7 -> 0 | I9: =Sheet1!J7 -> 0 | ... AF9: =Sheet1!AG7 -> 0 | AG9: =ROUND(AVERAGE(D9:H9,J9:N9,Q9:T9,AA9:AB9,AE9,AH9),0) -> 0
A10: Actual | B10: =Sheet1!C8 -> 0 | C10: =Sheet1!D8 -> 0 | D10: =Sheet1!E8 -> 0 | E10: =Sheet1!F8 -> 0 | F10: =Sheet1!G8 -> 0 | G10: =Sheet1!H8 -> 0 | H10: =Sheet1!I8 -> 0 | I10: =Sheet1!J8 -> 0 | ... AF10: =Sheet1!AG8 -> 0 | AG10: =ROUND(AVERAGE(D10:H10,J10:N10,Q10:T10,AA10:AB10,AE10,AH10),0) -> 0
A11: Annual Leave | B11: =Sheet1!C9 -> 0 | C11: =Sheet1!D9 -> 0 | D11: =Sheet1!E9 -> 0 | E11: =Sheet1!F9 -> 0 | F11: =Sheet1!G9 -> 0 | G11: =Sheet1!H9 -> 0 | H11: =Sheet1!I9 -> 0 | I11: =Sheet1!J9 -> 0 | ... AF11: =Sheet1!AG9 -> 0 | AG11: =ROUND(AVERAGE(D11:H11,J11:N11,Q11:T11,AA11:AB11,AE11,AH11),0) -> 0
