Workbook

Sheet Sheet1
A1: 1
A2: 2 | B2: 2 | C2: 1 | D2: 1 | E2: 1 | F2: 1 | G2: 1 | H2: 1 | I2: 1 | J2: 1 | K2: 1 | L2: 1
A3: 3 | B3: DepartmentCode1 | C3: CountEmp | D3: thc_wt1 | E3: thc_wt9 | F3: thc_wt3 | G3: thc_wt4 | H3: thc_wt5 | I3: thc_wt6 | J3: thc_wt7 | K3: thc_wt8 | L3: QCTTernimated
A4: 4

Sheet Summary
A1: ="QCT ACTUAL & PLAN MAN HOUR COMPARISON OF "& UPPER(TEXT(DATE(Sheet1!A2,Sheet1!A1,1),"MMM yyyy")) &" (1-" & DAY(EOMONTH(DATE(Sheet1!A2,Sheet1!A1,1),0)) & ")" -> QCT ACTUAL & PLAN MAN HOUR COMPARISON OF JAN 1902 (1-31)
A5: I. QCT OT
A6: Row Labels | B6: M/P | E6: Normal working hour (Day & Night) (Plan) | F6: Day Actual (A) | G6: Night - Actual | H6: 1.5 | L6: 2 | P6: 2.1 | T6: 2.7 | X6: 30% allowance for Night shift | AB6: 3 | AF6: 3.9 | AJ6: Total plan | AK6: Total Actual | AL6: Diff | AM6: Person | AN6: Absent Days) | AO6: National Days (B) | AP6: Actual working hour (A-B) | AQ6: Plan | AR6: Actual | AS6: Diff | AT6: Quited job
B7: Plan | C7: Actual | H7: Plan convert (A) | I7: Actual origin | J7: Actual convert (B) | K7: Diff (B-A) | L7: Plan convert (x 2) | M7: Actual origin | N7: Actual convert | O7: Diff | P7: Plan convert (x 2.1) | Q7: Actual origin | R7: Actual convert | S7: Diff | T7: Plan convert (x 2.7) | U7: Actual origin | V7: Actual convert | W7: Diff | X7: Plan convert (x 2.7) | Y7: Actual origin | Z7: Actual convert | AA7: Diff | AB7: Plan convert (x 2.7) | AC7: Actual origin | AD7: Actual convert | AE7: Diff | AF7: Plan convert (x 2.7) | AG7: Actual origin | AH7: Actual convert | AI7: Diff
A8: QCT worker | C8: =Sheet1!C6 -> 0 | F8: =Sheet1!D6 -> 0 | G8: =Sheet1!E6 -> 0 | I8: =Sheet1!F6 -> 0 | J8: =I8*1.5 -> 0 | K8: =+J8-H8 -> 0 | M8: =Sheet1!G6 -> 0 | N8: =M8*2 -> 0 | O8: =+N8-L8 -> 0 | Q8: =Sheet1!H6 -> 0 | R8: =Q8*2.1 -> 0 | S8: =+R8-P8 -> 0 | U8: =Sheet1!I6 -> 0 | V8: =U8*2.7 -> 0 | W8: =+V8-T8 -> 0 | Y8: =G8 -> 0 | Z8: =Y8*0.3 -> 0 | AA8: =+Z8-X8 -> 0 | AB8: =+VLOOKUP(A8,'[1]TOTAL MH Plan privot'!$A$4:$K$5,10,0) -> 0 | AD8: =VLOOKUP(A8,'[1]QCT privot'!$A$4:$L$5,11,0) -> 0 | AE8: =+AD8-AB8 -> 0 | AF8: =VLOOKUP(A8,'[1]TOTAL MH Plan privot'!$A$4:$K$5,11,0) -> *3.9* | AH8: =VLOOKUP(A8,'[1]QCT privot'!$A$4:$L$5,12,0) -> 0 | AI8: =+AH8-AF8 -> #VALUE! | AJ8: =+H8+L8+P8+T8+X8+E8 -> 0 | AK8: =+J8+N8+R8+V8+Z8+AD8+F8+G8 -> 0 | AL8: =+AK8-AJ8 -> 0 | AP8: =+F8-AO8 -> 0 | AQ8: =+H8+L8+P8+T8+X8+AB8+AF8 -> #VALUE! | AR8: =+J8+N8+R8+V8+Z8+AD8+AH8 -> 0 | AS8: =+AR8-AQ8 -> #VALUE! | AT8: =Sheet1!L6 -> 0
A9: Temporary worker | C9: 0 | F9: 0 | G9: 0 | I9: 0 | J9: 0 | K9: =+J9-H9 -> 0 | M9: =+N9/2 -> 0 | N9: 0 | O9: =+N9-L9 -> 0 | Q9: 0 | R9: 0 | S9: =+R9-P9 -> 0 | U9: =+V9/2.7 -> 0 | V9: 0 | W9: =+V9-T9 -> 0 | Z9: 0 | AA9: =+Z9-X9 -> 0 | AB9: =+VLOOKUP(A9,'[1]TOTAL MH Plan privot'!$A$4:$K$5,10,0) -> 0 | AD9: =VLOOKUP(A9,'[1]QCT privot'!$A$4:$L$5,11,0) -> #N/A | AE9: =+AD9-AB9 -> #N/A | AF9: =VLOOKUP(A9,'[1]TOTAL MH Plan privot'!$A$4:$K$5,11,0) -> 0 | AH9: =VLOOKUP(A9,'[1]QCT privot'!$A$4:$L$5,12,0) -> #N/A | AI9: =+AH9-AF9 -> #N/A | AJ9: =+H9+L9+P9+T9+X9+E9 -> 0 | AK9: =+F9+J9+N9 -> 0 | AL9: =+AK9-AJ9 -> 0 | AP9: =+F9-AO9 -> 0 | AQ9: =+H9+L9+P9+T9+X9+AB9+AF9 -> 0 | AR9: =+J9+N9+R9+V9+Z9+AD9+AH9 -> #N/A | AS9: =+AR9-AQ9 -> #N/A
A10: Grand Total | B10: =SUM(B8:B9) -> 0 | C10: =SUM(C8:C9) -> 0 | D10: =SUM(D8:D9) -> 0 | E10: =SUM(E8:E9) -> 0 | F10: =SUM(F8:F9) -> 0 | G10: =SUM(G8:G9) -> 0 | H10: =SUM(H8:H9) -> 0 | I10: =SUM(I8:I9) -> 0 | ... AK10: =SUM(AK8:AK9) -> 0 | AL10: =+AK10-AJ10 -> 0 | AM10: =SUM(AM8:AM8) -> 0 | AN10: =SUM(AN8:AN8) -> 0 | AP10: =+F10-AO10 -> 0 | AQ10: =+H10+L10+P10+T10+X10+AB10+AF10 -> 0 | AR10: =+IFERROR(J10+N10+R10+V10+Z10+AD10+AH10,0) -> 0 | AS10: =+AR10-AQ10 -> 0
A12: ACTUAL CONVERTED | D12: Actual | M12: Plan
B14: =+C10-14 -> -14 | D14: Class | G14: Day | I14: Night | K14: 계 | M14: Class | P14: Day | R14: Night | T14: 계
G15: Normal | H15: Overtime | I15: Normal | J15: Overtime | P15: Normal | Q15: Overtime | R15: Normal | S15: Overtime
D16: M/H 계산 | F16: Normal | G16: =+F8+G8 -> 0 | H16: =+J8 -> 0 | I16: =+Z8 -> 0 | J16: =+R8 -> 0 | K16: =SUM(G16:J16) -> 0 | M16: M/H 계산 | O16: Normal | P16: =+E8 -> 0 | Q16: =+H8 -> 0 | R16: =+X8 -> 0 | S16: =+P8 -> 0 | T16: =SUM(P16:S16) -> 0
F17: saturday | H17: =+N8 -> 0 | J17: =+V8 -> 0 | K17: =SUM(G17:J17) -> 0 | O17: saturDay | Q17: =+L8 -> 0 | S17: =+T8 -> 0 | T17: =SUM(P17:S17) -> 0
F18: Holiday | G18: =+AD8 -> 0 | I18: =+AH8 -> 0 | K18: =SUM(G18:J18) -> 0 | O18: Holiday | P18: =+AB8 -> 0 | T18: =SUM(P18:S18) -> 0
F19: Temporary | G19: =+F9 -> 0 | H19: =+J9 -> 0 | K19: =SUM(G19:J19) -> 0 | O19: Temporary | P19: =+E9 -> 0 | Q19: =+H9 -> 0 | T19: =SUM(P19:S19) -> 0
F20: Holiday | H20: =+O9 -> 0 | K20: =SUM(G20:J20) -> 0 | O20: Holiday | P20: =+L9+T9 -> 0 | T20: =SUM(P20:S20) -> 0
D21: Other | F21: TOTAL | G21: =SUM(G16:G20) -> 0 | H21: =SUM(H16:H20) -> 0 | I21: =SUM(I16:I20) -> 0 | J21: =SUM(J16:J20) -> 0 | K21: =SUM(K16:K20) -> 0 | L21: =+K21-K20-K19 -> 0 | M21: Other | O21: TOTAL | P21: =SUM(P16:P20) -> 0 | Q21: =SUM(Q16:Q20) -> 0 | R21: =SUM(R16:R20) -> 0 | S21: =SUM(S16:S20) -> 0 | T21: =SUM(T16:T20) -> 0 | U21: =+K21-T21 -> 0
D22: Total | K22: =+K21 -> 0 | M22: Total | T22: =+T21 -> 0
D23: Manpower | F23: =+C10 -> 0 | M23: Manpower | O23: =+B10 -> 0 | R23: Diff | T23: =+K22-T22 -> 0
D24: Man total | F24: =+(F10+G10)/8 -> 0 | M24: Man total | O24: =+P16/8 -> 0
D25: Man hour | F25: =+K22 -> 0 | M25: Man hour | O25: =+T22 -> 0
F26: Working day | K26: =+(G16+H16)/8 -> 0 | O26: Working day | T26: =+P16/8 -> 0
F27: M/P | K27: =+F23 -> 0 | O27: M/P | T27: =+B10 -> 0
