Workbook

Sheet Sheet1
A1: 1
B4: 1 | C4: 1 | D4: 1 | F4: 1 | G4: 1 | H4: 1 | I4: 1 | J4: 2 | K4: 2 | L4: 2 | M4: 2 | N4: 2 | O4: 2 | P4: 2 | Q4: 2 | R4: 2 | S4: 2 | T4: 2 | U4: 2 | V4: 2 | W4: 2
B5: Orderby | C5: Month | D5: Position | E5: Year | H5: NameEN | I5: Position_NameEN | J5: WeekdayNormal | K5: WeekdayOT | L5: NightSunday | M5: NightShift | N5: SundayWorking | O5: AnnualLeave | P5: AbsentLeave | Q5: NotWorkingHr | R5: LateIn | S5: EarlyOut | T5: GoOut | U5: Sales | V5: Vietnamese | W5: TotalEmployeePaySalary
B6: Order by | C6: Month | D6: Position | E6: Year | F6: Find total | G6: Find Position | H6: Position Name | I6: Position Name Pr | J6: Weekday Nornal | K6: Weekday OT | L6: Night Sunday | M6: Night Shift | N6: Sunday Working | O6: Annual Leave | P6: Absent Leave | Q6: Not Working Hr | R6: Late In | S6: Early Out | T6: Go Out | U6: Sales | V6: Vietnamese | W6: Total Employee Pay Salary | X6: Total Working | Y6: Weekday working | Z6: LOSS
F7: =C7&"-"&E7 -> - | G7: =C7&"-"&E7&"-"&D7 -> -- | X7: =J7+K7+N7 -> 0 | Y7: =J7+K7 -> 0 | Z7: =R7+S7+T7+O7+P7 -> 0

Sheet Sales per employees
B2: 2. Sales per employees
B4: Sales turnover as Employees/ hour ( 인당 및 시간당 매출액)
B17: Year (년도) | D17: Sales turnover (매출액) | E17: # of Employees (평균 인원) | F17: Sales/Person ( 인당 매출액) | G17: Sales/Hour (시간당매출 ) | H17: Sales/Weekday (평일시간당매출) | I17: Weekday rate(평일시간매출율) | J17: Sales/Sunday (특근시간당매출) | K17: Sales/Sunday (특근매출율)
B18: ="Y" & C18 -> Y0 | C18: =VALUE(Sheet1!$A$1-1) -> 0 | D18: =SUM(D45:D52) -> 0 | E18: 65 | F18: =IFERROR(D18/E18,0) -> 0 | G18: =IFERROR(D18/SUMIF(Sheet1!$E$7:$E$4000,C18,Sheet1!$X$7:$X$4000),0) -> 0 | H18: =IFERROR(G18*(SUMIF(Sheet1!$E$7:$E$4000,C18,Sheet1!$Y$7:$Y$4000)/SUMIF(Sheet1!$E$7:$E$4000,C18,Sheet1!$X$7:$X$4000)),0) -> 0 | I18: =IFERROR(H18/G18, "") | J18: =IFERROR(G18*(SUMIF(Sheet1!$E$7:$E$4000,C18,Sheet1!$N$7:$N$4000)/SUMIF(Sheet1!$E$7:$E$4000,C18,Sheet1!$X$7:$X$4000)),0) -> 0 | K18: =IFERROR(J18/G18, "")
B19: ="Y" & C19 -> Y1 | C19: =VALUE(Sheet1!$A$1) -> 1 | D19: =SUM(D53:D64) -> 0 | E19: =IFERROR(VLOOKUP('Sales per employees'!C19,Sheet1!$E$7:$W$4000,19,0),0) -> 0 | F19: =IFERROR(D19/E19,0) -> 0 | G19: =IFERROR(D19/SUMIF(Sheet1!$E$7:$E$4000,C19,Sheet1!$X$7:$X$4000),0) -> 0 | H19: =IFERROR(G19*(SUMIF(Sheet1!$E$7:$E$4000,C19,Sheet1!$Y$7:$Y$4000)/SUMIF(Sheet1!$E$7:$E$4000,C19,Sheet1!$X$7:$X$4000)),0) -> 0 | I19: =IFERROR(H19/G19, "") | J19: =IFERROR(G19*(SUMIF(Sheet1!$E$7:$E$4000,C19,Sheet1!$N$7:$N$4000)/SUMIF(Sheet1!$E$7:$E$4000,C19,Sheet1!$X$7:$X$4000)),0) -> 0 | K19: =IFERROR(J19/G19, "")
B20: ="Y" & C20 -> Y2 | C20: =VALUE(Sheet1!$A$1+1) -> 2 | D20: =SUM(D65:D76) -> 0 | E20: =IFERROR(VLOOKUP('Sales per employees'!C20,Sheet1!$E$7:$W$4000,19,0),0) -> 0 | F20: =IFERROR(D20/E20,0) -> 0 | G20: =IFERROR(D20/SUMIF(Sheet1!$E$7:$E$4000,C20,Sheet1!$X$7:$X$4000),0) -> 0 | H20: =IFERROR(G20*(SUMIF(Sheet1!$E$7:$E$4000,C20,Sheet1!$Y$7:$Y$4000)/SUMIF(Sheet1!$E$7:$E$4000,C20,Sheet1!$X$7:$X$4000)),0) -> 0 | I20: =IFERROR(H20/G20, "") | J20: =IFERROR(G20*(SUMIF(Sheet1!$E$7:$E$4000,C20,Sheet1!$N$7:$N$4000)/SUMIF(Sheet1!$E$7:$E$4000,C20,Sheet1!$X$7:$X$4000)),0) -> 0 | K20: =IFERROR(J20/G20, "")
B26: Monthly Sales per Employees/ hour ( 월별 인당 및 시간당 매출액)
B44: Month (월) | D44: Sales (매출) | E44: # of Employees (인원) | F44: Sales/Person ( 인당 매출액) | G44: Sales/Hour (시간당매출 ) | H44: Sales/Weekday (평일시간당매출) | I44: Weekday rate(평일시간매출율) | J44: Sales/Sunday (특근시간당매출) | K44: Sales/Sunday (특근매출율)
B45: =DATE(N45,M45,1) -> 122 | C45: =TEXT(M45*29,"mmm")& "-" &N45 -> May-0 | D45: =IFERROR(VLOOKUP(C45,Sheet1!$F$7:$U$4000,16,0),0) -> 0 | E45: =IFERROR(VLOOKUP(C45,Sheet1!$F$7:$V$4000,17,0),0) -> 0 | F45: =IFERROR(D45/E45,0) -> 0 | G45: =IFERROR(D45/SUMIF(Sheet1!$F$7:$F$4000,C45,Sheet1!$X$7:$X$4000),0) -> 0 | H45: =IFERROR(G45*(SUMIF(Sheet1!$F$7:$F$4000,C45,Sheet1!$Y$7:$Y$4000)/SUMIF(Sheet1!$F$7:$F$4000,C45,Sheet1!$X$7:$X$4000)),0) -> 0 | I45: =IFERROR(H45/G45, "") | J45: =IFERROR(G45*(SUMIF(Sheet1!$F$7:$F$4000,C45,Sheet1!$N$7:$N$4000)/SUMIF(Sheet1!$F$7:$F$4000,C45,Sheet1!$X$7:$X$4000)),0) -> 0 | K45: =IFERROR(J45/G45, "") | M45: 5 | N45: =Sheet1!$A$1-1 -> 0
B46: =DATE(N46,M46,1) -> 153 | C46: =TEXT(M46*29,"mmm")& "-" &N46 -> Jun-0 | D46: =IFERROR(VLOOKUP(C46,Sheet1!$F$7:$U$4000,16,0),0) -> 0 | E46: =IFERROR(VLOOKUP(C46,Sheet1!$F$7:$V$4000,17,0),0) -> 0 | F46: =IFERROR(D46/E46,0) -> 0 | G46: =IFERROR(D46/SUMIF(Sheet1!$F$7:$F$4000,C46,Sheet1!$X$7:$X$4000),0) -> 0 | H46: =IFERROR(G46*(SUMIF(Sheet1!$F$7:$F$4000,C46,Sheet1!$Y$7:$Y$4000)/SUMIF(Sheet1!$F$7:$F$4000,C46,Sheet1!$X$7:$X$4000)),0) -> 0 | I46: =IFERROR(H46/G46, "") | J46: =IFERROR(G46*(SUMIF(Sheet1!$F$7:$F$4000,C46,Sheet1!$N$7:$N$4000)/SUMIF(Sheet1!$F$7:$F$4000,C46,Sheet1!$X$7:$X$4000)),0) -> 0 | K46: =IFERROR(J46/G46, "") | M46: 6 | N46: =Sheet1!$A$1-1 -> 0
B47: =DATE(N47,M47,1) -> 183 | C47: =TEXT(M47*29,"mmm")& "-" &N47 -> Jul-0 | D47: =IFERROR(VLOOKUP(C47,Sheet1!$F$7:$U$4000,16,0),0) -> 0 | E47: =IFERROR(VLOOKUP(C47,Sheet1!$F$7:$V$4000,17,0),0) -> 0 | F47: =IFERROR(D47/E47,0) -> 0 | G47: =IFERROR(D47/SUMIF(Sheet1!$F$7:$F$4000,C47,Sheet1!$X$7:$X$4000),0) -> 0 | H47: =IFERROR(G47*(SUMIF(Sheet1!$F$7:$F$4000,C47,Sheet1!$Y$7:$Y$4000)/SUMIF(Sheet1!$F$7:$F$4000,C47,Sheet1!$X$7:$X$4000)),0) -> 0 | I47: =IFERROR(H47/G47, "") | J47: =IFERROR(G47*(SUMIF(Sheet1!$F$7:$F$4000,C47,Sheet1!$N$7:$N$4000)/SUMIF(Sheet1!$F$7:$F$4000,C47,Sheet1!$X$7:$X$4000)),0) -> 0 | K47: =IFERROR(J47/G47, "") | M47: 7 | N47: =Sheet1!$A$1-1 -> 0
B48: =DATE(N48,M48,1) -> 214 | C48: =TEXT(M48*29,"mmm")& "-" &N48 -> Aug-0 | D48: =IFERROR(VLOOKUP(C48,Sheet1!$F$7:$U$4000,16,0),0) -> 0 | E48: =IFERROR(VLOOKUP(C48,Sheet1!$F$7:$V$4000,17,0),0) -> 0 | F48: =IFERROR(D48/E48,0) -> 0 | G48: =IFERROR(D48/SUMIF(Sheet1!$F$7:$F$4000,C48,Sheet1!$X$7:$X$4000),0) -> 0 | H48: =IFERROR(G48*(SUMIF(Sheet1!$F$7:$F$4000,C48,Sheet1!$Y$7:$Y$4000)/SUMIF(Sheet1!$F$7:$F$4000,C48,Sheet1!$X$7:$X$4000)),0) -> 0 | I48: =IFERROR(H48/G48, "") | J48: =IFERROR(G48*(SUMIF(Sheet1!$F$7:$F$4000,C48,Sheet1!$N$7:$N$4000)/SUMIF(Sheet1!$F$7:$F$4000,C48,Sheet1!$X$7:$X$4000)),0) -> 0 | K48: =IFERROR(J48/G48, "") | M48: 8 | N48: =Sheet1!$A$1-1 -> 0
B49: =DATE(N49,M49,1) -> 245 | C49: =TEXT(M49*29,"mmm")& "-" &N49 -> Sep-0 | D49: =IFERROR(VLOOKUP(C49,Sheet1!$F$7:$U$4000,16,0),0) -> 0 | E49: =IFERROR(VLOOKUP(C49,Sheet1!$F$7:$V$4000,17,0),0) -> 0 | F49: =IFERROR(D49/E49,0) -> 0 | G49: =IFERROR(D49/SUMIF(Sheet1!$F$7:$F$4000,C49,Sheet1!$X$7:$X$4000),0) -> 0 | H49: =IFERROR(G49*(SUMIF(Sheet1!$F$7:$F$4000,C49,Sheet1!$Y$7:$Y$4000)/SUMIF(Sheet1!$F$7:$F$4000,C49,Sheet1!$X$7:$X$4000)),0) -> 0 | I49: =IFERROR(H49/G49, "") | J49: =IFERROR(G49*(SUMIF(Sheet1!$F$7:$F$4000,C49,Sheet1!$N$7:$N$4000)/SUMIF(Sheet1!$F$7:$F$4000,C49,Sheet1!$X$7:$X$4000)),0) -> 0 | K49: =IFERROR(J49/G49, "") | M49: 9 | N49: =Sheet1!$A$1-1 -> 0
B50: =DATE(N50,M50,1) -> 275 | C50: =TEXT(M50*29,"mmm")& "-" &N50 -> Oct-0 | D50: =IFERROR(VLOOKUP(C50,Sheet1!$F$7:$U$4000,16,0),0) -> 0 | E50: =IFERROR(VLOOKUP(C50,Sheet1!$F$7:$V$4000,17,0),0) -> 0 | F50: =IFERROR(D50/E50,0) -> 0 | G50: =IFERROR(D50/SUMIF(Sheet1!$F$7:$F$4000,C50,Sheet1!$X$7:$X$4000),0) -> 0 | H50: =IFERROR(G50*(SUMIF(Sheet1!$F$7:$F$4000,C50,Sheet1!$Y$7:$Y$4000)/SUMIF(Sheet1!$F$7:$F$4000,C50,Sheet1!$X$7:$X$4000)),0) -> 0 | I50: =IFERROR(H50/G50, "") | J50: =IFERROR(G50*(SUMIF(Sheet1!$F$7:$F$4000,C50,Sheet1!$N$7:$N$4000)/SUMIF(Sheet1!$F$7:$F$4000,C50,Sheet1!$X$7:$X$4000)),0) -> 0 | K50: =IFERROR(J50/G50, "") | M50: 10 | N50: =Sheet1!$A$1-1 -> 0
B51: =DATE(N51,M51,1) -> 306 | C51: =TEXT(M51*29,"mmm")& "-" &N51 -> Nov-0 | D51: =IFERROR(VLOOKUP(C51,Sheet1!$F$7:$U$4000,16,0),0) -> 0 | E51: =IFERROR(VLOOKUP(C51,Sheet1!$F$7:$V$4000,17,0),0) -> 0 | F51: =IFERROR(D51/E51,0) -> 0 | G51: =IFERROR(D51/SUMIF(Sheet1!$F$7:$F$4000,C51,Sheet1!$X$7:$X$4000),0) -> 0 | H51: =IFERROR(G51*(SUMIF(Sheet1!$F$7:$F$4000,C51,Sheet1!$Y$7:$Y$4000)/SUMIF(Sheet1!$F$7:$F$4000,C51,Sheet1!$X$7:$X$4000)),0) -> 0 | I51: =IFERROR(H51/G51, "") | J51: =IFERROR(G51*(SUMIF(Sheet1!$F$7:$F$4000,C51,Sheet1!$N$7:$N$4000)/SUMIF(Sheet1!$F$7:$F$4000,C51,Sheet1!$X$7:$X$4000)),0) -> 0 | K51: =IFERROR(J51/G51, "") | M51: 11 | N51: =Sheet1!$A$1-1 -> 0
B52: =DATE(N52,M52,1) -> 336 | C52: =TEXT(M52*29,"mmm")& "-" &N52 -> Dec-0 | D52: =IFERROR(VLOOKUP(C52,Sheet1!$F$7:$U$4000,16,0),0) -> 0 | E52: =IFERROR(VLOOKUP(C52,Sheet1!$F$7:$V$4000,17,0),0) -> 0 | F52: =IFERROR(D52/E52,0) -> 0 | G52: =IFERROR(D52/SUMIF(Sheet1!$F$7:$F$4000,C52,Sheet1!$X$7:$X$4000),0) -> 0 | H52: =IFERROR(G52*(SUMIF(Sheet1!$F$7:$F$4000,C52,Sheet1!$Y$7:$Y$4000)/SUMIF(Sheet1!$F$7:$F$4000,C52,Sheet1!$X$7:$X$4000)),0) -> 0 | I52: =IFERROR(H52/G52, "") | J52: =IFERROR(G52*(SUMIF(Sheet1!$F$7:$F$4000,C52,Sheet1!$N$7:$N$4000)/SUMIF(Sheet1!$F$7:$F$4000,C52,Sheet1!$X$7:$X$4000)),0) -> 0 | K52: =IFERROR(J52/G52, "") | M52: 12 | N52: =Sheet1!$A$1-1 -> 0
B53: =DATE(N53,M53,1) -> 367 | C53: =TEXT(M53*29,"mmm")& "-" &N53 -> Jan-1 | D53: =IFERROR(VLOOKUP(C53,Sheet1!$F$7:$U$4000,16,0),0) -> 0 | E53: =IFERROR(VLOOKUP(C53,Sheet1!$F$7:$V$4000,17,0),0) -> 0 | F53: =IFERROR(D53/E53,0) -> 0 | G53: =IFERROR(D53/SUMIF(Sheet1!$F$7:$F$4000,C53,Sheet1!$X$7:$X$4000),0) -> 0 | H53: =IFERROR(G53*(SUMIF(Sheet1!$F$7:$F$4000,C53,Sheet1!$Y$7:$Y$4000)/SUMIF(Sheet1!$F$7:$F$4000,C53,Sheet1!$X$7:$X$4000)),0) -> 0 | I53: =IFERROR(H53/G53, "") | J53: =IFERROR(G53*(SUMIF(Sheet1!$F$7:$F$4000,C53,Sheet1!$N$7:$N$4000)/SUMIF(Sheet1!$F$7:$F$4000,C53,Sheet1!$X$7:$X$4000)),0) -> 0 | K53: =IFERROR(J53/G53, "") | M53: 1 | N53: =Sheet1!$A$1 -> 1
B54: =DATE(N54,M54,1) -> 398 | C54: =TEXT(M54*29,"mmm")& "-" &N54 -> Feb-1 | D54: =IFERROR(VLOOKUP(C54,Sheet1!$F$7:$U$4000,16,0),0) -> 0 | E54: =IFERROR(VLOOKUP(C54,Sheet1!$F$7:$V$4000,17,0),0) -> 0 | F54: =IFERROR(D54/E54,0) -> 0 | G54: =IFERROR(D54/SUMIF(Sheet1!$F$7:$F$4000,C54,Sheet1!$X$7:$X$4000),0) -> 0 | H54: =IFERROR(G54*(SUMIF(Sheet1!$F$7:$F$4000,C54,Sheet1!$Y$7:$Y$4000)/SUMIF(Sheet1!$F$7:$F$4000,C54,Sheet1!$X$7:$X$4000)),0) -> 0 | I54: =IFERROR(H54/G54, "") | J54: =IFERROR(G54*(SUMIF(Sheet1!$F$7:$F$4000,C54,Sheet1!$N$7:$N$4000)/SUMIF(Sheet1!$F$7:$F$4000,C54,Sheet1!$X$7:$X$4000)),0) -> 0 | K54: =IFERROR(J54/G54, "") | M54: 2 | N54: =Sheet1!$A$1 -> 1
B55: =DATE(N55,M55,1) -> 426 | C55: =TEXT(M55*29,"mmm")& "-" &N55 -> Mar-1 | D55: =IFERROR(VLOOKUP(C55,Sheet1!$F$7:$U$4000,16,0),0) -> 0 | E55: =IFERROR(VLOOKUP(C55,Sheet1!$F$7:$V$4000,17,0),0) -> 0 | F55: =IFERROR(D55/E55,0) -> 0 | G55: =IFERROR(D55/SUMIF(Sheet1!$F$7:$F$4000,C55,Sheet1!$X$7:$X$4000),0) -> 0 | H55: =IFERROR(G55*(SUMIF(Sheet1!$F$7:$F$4000,C55,Sheet1!$Y$7:$Y$4000)/SUMIF(Sheet1!$F$7:$F$4000,C55,Sheet1!$X$7:$X$4000)),0) -> 0 | I55: =IFERROR(H55/G55, "") | J55: =IFERROR(G55*(SUMIF(Sheet1!$F$7:$F$4000,C55,Sheet1!$N$7:$N$4000)/SUMIF(Sheet1!$F$7:$F$4000,C55,Sheet1!$X$7:$X$4000)),0) -> 0 | K55: =IFERROR(J55/G55, "") | M55: 3 | N55: =Sheet1!$A$1 -> 1
B56: =DATE(N56,M56,1) -> 457 | C56: =TEXT(M56*29,"mmm")& "-" &N56 -> Apr-1 | D56: =IFERROR(VLOOKUP(C56,Sheet1!$F$7:$U$4000,16,0),0) -> 0 | E56: =IFERROR(VLOOKUP(C56,Sheet1!$F$7:$V$4000,17,0),0) -> 0 | F56: =IFERROR(D56/E56,0) -> 0 | G56: =IFERROR(D56/SUMIF(Sheet1!$F$7:$F$4000,C56,Sheet1!$X$7:$X$4000),0) -> 0 | H56: =IFERROR(G56*(SUMIF(Sheet1!$F$7:$F$4000,C56,Sheet1!$Y$7:$Y$4000)/SUMIF(Sheet1!$F$7:$F$4000,C56,Sheet1!$X$7:$X$4000)),0) -> 0 | I56: =IFERROR(H56/G56, "") | J56: =IFERROR(G56*(SUMIF(Sheet1!$F$7:$F$4000,C56,Sheet1!$N$7:$N$4000)/SUMIF(Sheet1!$F$7:$F$4000,C56,Sheet1!$X$7:$X$4000)),0) -> 0 | K56: =IFERROR(J56/G56, "") | M56: 4 | N56: =Sheet1!$A$1 -> 1
B57: =DATE(N57,M57,1) -> 487 | C57: =TEXT(M57*29,"mmm")& "-" &N57 -> May-1 | D57: =IFERROR(VLOOKUP(C57,Sheet1!$F$7:$U$4000,16,0),0) -> 0 | E57: =IFERROR(VLOOKUP(C57,Sheet1!$F$7:$V$4000,17,0),0) -> 0 | F57: =IFERROR(D57/E57,0) -> 0 | G57: =IFERROR(D57/SUMIF(Sheet1!$F$7:$F$4000,C57,Sheet1!$X$7:$X$4000),0) -> 0 | H57: =IFERROR(G57*(SUMIF(Sheet1!$F$7:$F$4000,C57,Sheet1!$Y$7:$Y$4000)/SUMIF(Sheet1!$F$7:$F$4000,C57,Sheet1!$X$7:$X$4000)),0) -> 0 | I57: =IFERROR(H57/G57, "") | J57: =IFERROR(G57*(SUMIF(Sheet1!$F$7:$F$4000,C57,Sheet1!$N$7:$N$4000)/SUMIF(Sheet1!$F$7:$F$4000,C57,Sheet1!$X$7:$X$4000)),0) -> 0 | K57: =IFERROR(J57/G57, "") | M57: 5 | N57: =Sheet1!$A$1 -> 1
B58: =DATE(N58,M58,1) -> 518 | C58: =TEXT(M58*29,"mmm")& "-" &N58 -> Jun-1 | D58: =IFERROR(VLOOKUP(C58,Sheet1!$F$7:$U$4000,16,0),0) -> 0 | E58: =IFERROR(VLOOKUP(C58,Sheet1!$F$7:$V$4000,17,0),0) -> 0 | F58: =IFERROR(D58/E58,0) -> 0 | G58: =IFERROR(D58/SUMIF(Sheet1!$F$7:$F$4000,C58,Sheet1!$X$7:$X$4000),0) -> 0 | H58: =IFERROR(G58*(SUMIF(Sheet1!$F$7:$F$4000,C58,Sheet1!$Y$7:$Y$4000)/SUMIF(Sheet1!$F$7:$F$4000,C58,Sheet1!$X$7:$X$4000)),0) -> 0 | I58: =IFERROR(H58/G58, "") | J58: =IFERROR(G58*(SUMIF(Sheet1!$F$7:$F$4000,C58,Sheet1!$N$7:$N$4000)/SUMIF(Sheet1!$F$7:$F$4000,C58,Sheet1!$X$7:$X$4000)),0) -> 0 | K58: =IFERROR(J58/G58, "") | M58: 6 | N58: =Sheet1!$A$1 -> 1
B59: =DATE(N59,M59,1) -> 548 | C59: =TEXT(M59*29,"mmm")& "-" &N59 -> Jul-1 | D59: =IFERROR(VLOOKUP(C59,Sheet1!$F$7:$U$4000,16,0),0) -> 0 | E59: =IFERROR(VLOOKUP(C59,Sheet1!$F$7:$V$4000,17,0),0) -> 0 | F59: =IFERROR(D59/E59,0) -> 0 | G59: =IFERROR(D59/SUMIF(Sheet1!$F$7:$F$4000,C59,Sheet1!$X$7:$X$4000),0) -> 0 | H59: =IFERROR(G59*(SUMIF(Sheet1!$F$7:$F$4000,C59,Sheet1!$Y$7:$Y$4000)/SUMIF(Sheet1!$F$7:$F$4000,C59,Sheet1!$X$7:$X$4000)),0) -> 0 | I59: =IFERROR(H59/G59, "") | J59: =IFERROR(G59*(SUMIF(Sheet1!$F$7:$F$4000,C59,Sheet1!$N$7:$N$4000)/SUMIF(Sheet1!$F$7:$F$4000,C59,Sheet1!$X$7:$X$4000)),0) -> 0 | K59: =IFERROR(J59/G59, "") | M59: 7 | N59: =Sheet1!$A$1 -> 1
B60: =DATE(N60,M60,1) -> 579 | C60: =TEXT(M60*29,"mmm")& "-" &N60 -> Aug-1 | D60: =IFERROR(VLOOKUP(C60,Sheet1!$F$7:$U$4000,16,0),0) -> 0 | E60: =IFERROR(VLOOKUP(C60,Sheet1!$F$7:$V$4000,17,0),0) -> 0 | F60: =IFERROR(D60/E60,0) -> 0 | G60: =IFERROR(D60/SUMIF(Sheet1!$F$7:$F$4000,C60,Sheet1!$X$7:$X$4000),0) -> 0 | H60: =IFERROR(G60*(SUMIF(Sheet1!$F$7:$F$4000,C60,Sheet1!$Y$7:$Y$4000)/SUMIF(Sheet1!$F$7:$F$4000,C60,Sheet1!$X$7:$X$4000)),0) -> 0 | I60: =IFERROR(H60/G60, "") | J60: =IFERROR(G60*(SUMIF(Sheet1!$F$7:$F$4000,C60,Sheet1!$N$7:$N$4000)/SUMIF(Sheet1!$F$7:$F$4000,C60,Sheet1!$X$7:$X$4000)),0) -> 0 | K60: =IFERROR(J60/G60, "") | M60: 8 | N60: =Sheet1!$A$1 -> 1
B61: =DATE(N61,M61,1) -> 610 | C61: =TEXT(M61*29,"mmm")& "-" &N61 -> Sep-1 | D61: =IFERROR(VLOOKUP(C61,Sheet1!$F$7:$U$4000,16,0),0) -> 0 | E61: =IFERROR(VLOOKUP(C61,Sheet1!$F$7:$V$4000,17,0),0) -> 0 | F61: =IFERROR(D61/E61,0) -> 0 | G61: =IFERROR(D61/SUMIF(Sheet1!$F$7:$F$4000,C61,Sheet1!$X$7:$X$4000),0) -> 0 | H61: =IFERROR(G61*(SUMIF(Sheet1!$F$7:$F$4000,C61,Sheet1!$Y$7:$Y$4000)/SUMIF(Sheet1!$F$7:$F$4000,C61,Sheet1!$X$7:$X$4000)),0) -> 0 | I61: =IFERROR(H61/G61, "") | J61: =IFERROR(G61*(SUMIF(Sheet1!$F$7:$F$4000,C61,Sheet1!$N$7:$N$4000)/SUMIF(Sheet1!$F$7:$F$4000,C61,Sheet1!$X$7:$X$4000)),0) -> 0 | K61: =IFERROR(J61/G61, "") | M61: 9 | N61: =Sheet1!$A$1 -> 1
B62: =DATE(N62,M62,1) -> 640 | C62: =TEXT(M62*29,"mmm")& "-" &N62 -> Oct-1 | D62: =IFERROR(VLOOKUP(C62,Sheet1!$F$7:$U$4000,16,0),0) -> 0 | E62: =IFERROR(VLOOKUP(C62,Sheet1!$F$7:$V$4000,17,0),0) -> 0 | F62: =IFERROR(D62/E62,0) -> 0 | G62: =IFERROR(D62/SUMIF(Sheet1!$F$7:$F$4000,C62,Sheet1!$X$7:$X$4000),0) -> 0 | H62: =IFERROR(G62*(SUMIF(Sheet1!$F$7:$F$4000,C62,Sheet1!$Y$7:$Y$4000)/SUMIF(Sheet1!$F$7:$F$4000,C62,Sheet1!$X$7:$X$4000)),0) -> 0 | I62: =IFERROR(H62/G62, "") | J62: =IFERROR(G62*(SUMIF(Sheet1!$F$7:$F$4000,C62,Sheet1!$N$7:$N$4000)/SUMIF(Sheet1!$F$7:$F$4000,C62,Sheet1!$X$7:$X$4000)),0) -> 0 | K62: =IFERROR(J62/G62, "") | M62: 10 | N62: =Sheet1!$A$1 -> 1
B63: =DATE(N63,M63,1) -> 671 | C63: =TEXT(M63*29,"mmm")& "-" &N63 -> Nov-1 | D63: =IFERROR(VLOOKUP(C63,Sheet1!$F$7:$U$4000,16,0),0) -> 0 | E63: =IFERROR(VLOOKUP(C63,Sheet1!$F$7:$V$4000,17,0),0) -> 0 | F63: =IFERROR(D63/E63,0) -> 0 | G63: =IFERROR(D63/SUMIF(Sheet1!$F$7:$F$4000,C63,Sheet1!$X$7:$X$4000),0) -> 0 | H63: =IFERROR(G63*(SUMIF(Sheet1!$F$7:$F$4000,C63,Sheet1!$Y$7:$Y$4000)/SUMIF(Sheet1!$F$7:$F$4000,C63,Sheet1!$X$7:$X$4000)),0) -> 0 | I63: =IFERROR(H63/G63, "") | J63: =IFERROR(G63*(SUMIF(Sheet1!$F$7:$F$4000,C63,Sheet1!$N$7:$N$4000)/SUMIF(Sheet1!$F$7:$F$4000,C63,Sheet1!$X$7:$X$4000)),0) -> 0 | K63: =IFERROR(J63/G63, "") | M63: 11 | N63: =Sheet1!$A$1 -> 1
B64: =DATE(N64,M64,1) -> 701 | C64: =TEXT(M64*29,"mmm")& "-" &N64 -> Dec-1 | D64: =IFERROR(VLOOKUP(C64,Sheet1!$F$7:$U$4000,16,0),0) -> 0 | E64: =IFERROR(VLOOKUP(C64,Sheet1!$F$7:$V$4000,17,0),0) -> 0 | F64: =IFERROR(D64/E64,0) -> 0 | G64: =IFERROR(D64/SUMIF(Sheet1!$F$7:$F$4000,C64,Sheet1!$X$7:$X$4000),0) -> 0 | H64: =IFERROR(G64*(SUMIF(Sheet1!$F$7:$F$4000,C64,Sheet1!$Y$7:$Y$4000)/SUMIF(Sheet1!$F$7:$F$4000,C64,Sheet1!$X$7:$X$4000)),0) -> 0 | I64: =IFERROR(H64/G64, "") | J64: =IFERROR(G64*(SUMIF(Sheet1!$F$7:$F$4000,C64,Sheet1!$N$7:$N$4000)/SUMIF(Sheet1!$F$7:$F$4000,C64,Sheet1!$X$7:$X$4000)),0) -> 0 | K64: =IFERROR(J64/G64, "") | M64: 12 | N64: =Sheet1!$A$1 -> 1
B65: =DATE(N65,M65,1) -> 732 | C65: =TEXT(M65*29,"mmm")& "-" &N65 -> Jan-2 | D65: =IFERROR(VLOOKUP(C65,Sheet1!$F$7:$U$4000,16,0),0) -> 0 | E65: =IFERROR(VLOOKUP(C65,Sheet1!$F$7:$V$4000,17,0),0) -> 0 | F65: =IFERROR(D65/E65,0) -> 0 | G65: =IFERROR(D65/SUMIF(Sheet1!$F$7:$F$4000,C65,Sheet1!$X$7:$X$4000),0) -> 0 | H65: =IFERROR(G65*(SUMIF(Sheet1!$F$7:$F$4000,C65,Sheet1!$Y$7:$Y$4000)/SUMIF(Sheet1!$F$7:$F$4000,C65,Sheet1!$X$7:$X$4000)),0) -> 0 | I65: =IFERROR(H65/G65, "") | J65: =IFERROR(G65*(SUMIF(Sheet1!$F$7:$F$4000,C65,Sheet1!$N$7:$N$4000)/SUMIF(Sheet1!$F$7:$F$4000,C65,Sheet1!$X$7:$X$4000)),0) -> 0 | K65: =IFERROR(J65/G65, "") | M65: 1 | N65: =Sheet1!$A$1+1 -> 2
B66: =DATE(N66,M66,1) -> 763 | C66: =TEXT(M66*29,"mmm")& "-" &N66 -> Feb-2 | D66: =IFERROR(VLOOKUP(C66,Sheet1!$F$7:$U$4000,16,0),0) -> 0 | E66: =IFERROR(VLOOKUP(C66,Sheet1!$F$7:$V$4000,17,0),0) -> 0 | F66: =IFERROR(D66/E66,0) -> 0 | G66: =IFERROR(D66/SUMIF(Sheet1!$F$7:$F$4000,C66,Sheet1!$X$7:$X$4000),0) -> 0 | H66: =IFERROR(G66*(SUMIF(Sheet1!$F$7:$F$4000,C66,Sheet1!$Y$7:$Y$4000)/SUMIF(Sheet1!$F$7:$F$4000,C66,Sheet1!$X$7:$X$4000)),0) -> 0 | I66: =IFERROR(H66/G66, "") | J66: =IFERROR(G66*(SUMIF(Sheet1!$F$7:$F$4000,C66,Sheet1!$N$7:$N$4000)/SUMIF(Sheet1!$F$7:$F$4000,C66,Sheet1!$X$7:$X$4000)),0) -> 0 | K66: =IFERROR(J66/G66, "") | M66: 2 | N66: =Sheet1!$A$1+1 -> 2
B67: =DATE(N67,M67,1) -> 791 | C67: =TEXT(M67*29,"mmm")& "-" &N67 -> Mar-2 | D67: =IFERROR(VLOOKUP(C67,Sheet1!$F$7:$U$4000,16,0),0) -> 0 | E67: =IFERROR(VLOOKUP(C67,Sheet1!$F$7:$V$4000,17,0),0) -> 0 | F67: =IFERROR(D67/E67,0) -> 0 | G67: =IFERROR(D67/SUMIF(Sheet1!$F$7:$F$4000,C67,Sheet1!$X$7:$X$4000),0) -> 0 | H67: =IFERROR(G67*(SUMIF(Sheet1!$F$7:$F$4000,C67,Sheet1!$Y$7:$Y$4000)/SUMIF(Sheet1!$F$7:$F$4000,C67,Sheet1!$X$7:$X$4000)),0) -> 0 | I67: =IFERROR(H67/G67, "") | J67: =IFERROR(G67*(SUMIF(Sheet1!$F$7:$F$4000,C67,Sheet1!$N$7:$N$4000)/SUMIF(Sheet1!$F$7:$F$4000,C67,Sheet1!$X$7:$X$4000)),0) -> 0 | K67: =IFERROR(J67/G67, "") | M67: 3 | N67: =Sheet1!$A$1+1 -> 2
B68: =DATE(N68,M68,1) -> 822 | C68: =TEXT(M68*29,"mmm")& "-" &N68 -> Apr-2 | D68: =IFERROR(VLOOKUP(C68,Sheet1!$F$7:$U$4000,16,0),0) -> 0 | E68: =IFERROR(VLOOKUP(C68,Sheet1!$F$7:$V$4000,17,0),0) -> 0 | F68: =IFERROR(D68/E68,0) -> 0 | G68: =IFERROR(D68/SUMIF(Sheet1!$F$7:$F$4000,C68,Sheet1!$X$7:$X$4000),0) -> 0 | H68: =IFERROR(G68*(SUMIF(Sheet1!$F$7:$F$4000,C68,Sheet1!$Y$7:$Y$4000)/SUMIF(Sheet1!$F$7:$F$4000,C68,Sheet1!$X$7:$X$4000)),0) -> 0 | I68: =IFERROR(H68/G68, "") | J68: =IFERROR(G68*(SUMIF(Sheet1!$F$7:$F$4000,C68,Sheet1!$N$7:$N$4000)/SUMIF(Sheet1!$F$7:$F$4000,C68,Sheet1!$X$7:$X$4000)),0) -> 0 | K68: =IFERROR(J68/G68, "") | M68: 4 | N68: =Sheet1!$A$1+1 -> 2
B69: =DATE(N69,M69,1) -> 852 | C69: =TEXT(M69*29,"mmm")& "-" &N69 -> May-2 | D69: =IFERROR(VLOOKUP(C69,Sheet1!$F$7:$U$4000,16,0),0) -> 0 | E69: =IFERROR(VLOOKUP(C69,Sheet1!$F$7:$V$4000,17,0),0) -> 0 | F69: =IFERROR(D69/E69,0) -> 0 | G69: =IFERROR(D69/SUMIF(Sheet1!$F$7:$F$4000,C69,Sheet1!$X$7:$X$4000),0) -> 0 | H69: =IFERROR(G69*(SUMIF(Sheet1!$F$7:$F$4000,C69,Sheet1!$Y$7:$Y$4000)/SUMIF(Sheet1!$F$7:$F$4000,C69,Sheet1!$X$7:$X$4000)),0) -> 0 | I69: =IFERROR(H69/G69, "") | J69: =IFERROR(G69*(SUMIF(Sheet1!$F$7:$F$4000,C69,Sheet1!$N$7:$N$4000)/SUMIF(Sheet1!$F$7:$F$4000,C69,Sheet1!$X$7:$X$4000)),0) -> 0 | K69: =IFERROR(J69/G69, "") | M69: 5 | N69: =Sheet1!$A$1+1 -> 2
B70: =DATE(N70,M70,1) -> 883 | C70: =TEXT(M70*29,"mmm")& "-" &N70 -> Jun-2 | D70: =IFERROR(VLOOKUP(C70,Sheet1!$F$7:$U$4000,16,0),0) -> 0 | E70: =IFERROR(VLOOKUP(C70,Sheet1!$F$7:$V$4000,17,0),0) -> 0 | F70: =IFERROR(D70/E70,0) -> 0 | G70: =IFERROR(D70/SUMIF(Sheet1!$F$7:$F$4000,C70,Sheet1!$X$7:$X$4000),0) -> 0 | H70: =IFERROR(G70*(SUMIF(Sheet1!$F$7:$F$4000,C70,Sheet1!$Y$7:$Y$4000)/SUMIF(Sheet1!$F$7:$F$4000,C70,Sheet1!$X$7:$X$4000)),0) -> 0 | I70: =IFERROR(H70/G70, "") | J70: =IFERROR(G70*(SUMIF(Sheet1!$F$7:$F$4000,C70,Sheet1!$N$7:$N$4000)/SUMIF(Sheet1!$F$7:$F$4000,C70,Sheet1!$X$7:$X$4000)),0) -> 0 | K70: =IFERROR(J70/G70, "") | M70: 6 | N70: =Sheet1!$A$1+1 -> 2
B71: =DATE(N71,M71,1) -> 913 | C71: =TEXT(M71*29,"mmm")& "-" &N71 -> Jul-2 | D71: =IFERROR(VLOOKUP(C71,Sheet1!$F$7:$U$4000,16,0),0) -> 0 | E71: =IFERROR(VLOOKUP(C71,Sheet1!$F$7:$V$4000,17,0),0) -> 0 | F71: =IFERROR(D71/E71,0) -> 0 | G71: =IFERROR(D71/SUMIF(Sheet1!$F$7:$F$4000,C71,Sheet1!$X$7:$X$4000),0) -> 0 | H71: =IFERROR(G71*(SUMIF(Sheet1!$F$7:$F$4000,C71,Sheet1!$Y$7:$Y$4000)/SUMIF(Sheet1!$F$7:$F$4000,C71,Sheet1!$X$7:$X$4000)),0) -> 0 | I71: =IFERROR(H71/G71, "") | J71: =IFERROR(G71*(SUMIF(Sheet1!$F$7:$F$4000,C71,Sheet1!$N$7:$N$4000)/SUMIF(Sheet1!$F$7:$F$4000,C71,Sheet1!$X$7:$X$4000)),0) -> 0 | K71: =IFERROR(J71/G71, "") | M71: 7 | N71: =Sheet1!$A$1+1 -> 2
B72: =DATE(N72,M72,1) -> 944 | C72: =TEXT(M72*29,"mmm")& "-" &N72 -> Aug-2 | D72: =IFERROR(VLOOKUP(C72,Sheet1!$F$7:$U$4000,16,0),0) -> 0 | E72: =IFERROR(VLOOKUP(C72,Sheet1!$F$7:$V$4000,17,0),0) -> 0 | F72: =IFERROR(D72/E72,0) -> 0 | G72: =IFERROR(D72/SUMIF(Sheet1!$F$7:$F$4000,C72,Sheet1!$X$7:$X$4000),0) -> 0 | H72: =IFERROR(G72*(SUMIF(Sheet1!$F$7:$F$4000,C72,Sheet1!$Y$7:$Y$4000)/SUMIF(Sheet1!$F$7:$F$4000,C72,Sheet1!$X$7:$X$4000)),0) -> 0 | I72: =IFERROR(H72/G72, "") | J72: =IFERROR(G72*(SUMIF(Sheet1!$F$7:$F$4000,C72,Sheet1!$N$7:$N$4000)/SUMIF(Sheet1!$F$7:$F$4000,C72,Sheet1!$X$7:$X$4000)),0) -> 0 | K72: =IFERROR(J72/G72, "") | M72: 8 | N72: =Sheet1!$A$1+1 -> 2
B73: =DATE(N73,M73,1) -> 975 | C73: =TEXT(M73*29,"mmm")& "-" &N73 -> Sep-2 | D73: =IFERROR(VLOOKUP(C73,Sheet1!$F$7:$U$4000,16,0),0) -> 0 | E73: =IFERROR(VLOOKUP(C73,Sheet1!$F$7:$V$4000,17,0),0) -> 0 | F73: =IFERROR(D73/E73,0) -> 0 | G73: =IFERROR(D73/SUMIF(Sheet1!$F$7:$F$4000,C73,Sheet1!$X$7:$X$4000),0) -> 0 | H73: =IFERROR(G73*(SUMIF(Sheet1!$F$7:$F$4000,C73,Sheet1!$Y$7:$Y$4000)/SUMIF(Sheet1!$F$7:$F$4000,C73,Sheet1!$X$7:$X$4000)),0) -> 0 | I73: =IFERROR(H73/G73, "") | J73: =IFERROR(G73*(SUMIF(Sheet1!$F$7:$F$4000,C73,Sheet1!$N$7:$N$4000)/SUMIF(Sheet1!$F$7:$F$4000,C73,Sheet1!$X$7:$X$4000)),0) -> 0 | K73: =IFERROR(J73/G73, "") | M73: 9 | N73: =Sheet1!$A$1+1 -> 2
B74: =DATE(N74,M74,1) -> 1005 | C74: =TEXT(M74*29,"mmm")& "-" &N74 -> Oct-2 | D74: =IFERROR(VLOOKUP(C74,Sheet1!$F$7:$U$4000,16,0),0) -> 0 | E74: =IFERROR(VLOOKUP(C74,Sheet1!$F$7:$V$4000,17,0),0) -> 0 | F74: =IFERROR(D74/E74,0) -> 0 | G74: =IFERROR(D74/SUMIF(Sheet1!$F$7:$F$4000,C74,Sheet1!$X$7:$X$4000),0) -> 0 | H74: =IFERROR(G74*(SUMIF(Sheet1!$F$7:$F$4000,C74,Sheet1!$Y$7:$Y$4000)/SUMIF(Sheet1!$F$7:$F$4000,C74,Sheet1!$X$7:$X$4000)),0) -> 0 | I74: =IFERROR(H74/G74, "") | J74: =IFERROR(G74*(SUMIF(Sheet1!$F$7:$F$4000,C74,Sheet1!$N$7:$N$4000)/SUMIF(Sheet1!$F$7:$F$4000,C74,Sheet1!$X$7:$X$4000)),0) -> 0 | K74: =IFERROR(J74/G74, "") | M74: 10 | N74: =Sheet1!$A$1+1 -> 2
B75: =DATE(N75,M75,1) -> 1036 | C75: =TEXT(M75*29,"mmm")& "-" &N75 -> Nov-2 | D75: =IFERROR(VLOOKUP(C75,Sheet1!$F$7:$U$4000,16,0),0) -> 0 | E75: =IFERROR(VLOOKUP(C75,Sheet1!$F$7:$V$4000,17,0),0) -> 0 | F75: =IFERROR(D75/E75,0) -> 0 | G75: =IFERROR(D75/SUMIF(Sheet1!$F$7:$F$4000,C75,Sheet1!$X$7:$X$4000),0) -> 0 | H75: =IFERROR(G75*(SUMIF(Sheet1!$F$7:$F$4000,C75,Sheet1!$Y$7:$Y$4000)/SUMIF(Sheet1!$F$7:$F$4000,C75,Sheet1!$X$7:$X$4000)),0) -> 0 | I75: =IFERROR(H75/G75, "") | J75: =IFERROR(G75*(SUMIF(Sheet1!$F$7:$F$4000,C75,Sheet1!$N$7:$N$4000)/SUMIF(Sheet1!$F$7:$F$4000,C75,Sheet1!$X$7:$X$4000)),0) -> 0 | K75: =IFERROR(J75/G75, "") | M75: 11 | N75: =Sheet1!$A$1+1 -> 2
B76: =DATE(N76,M76,1) -> 1066 | C76: =TEXT(M76*29,"mmm")& "-" &N76 -> Dec-2 | D76: =IFERROR(VLOOKUP(C76,Sheet1!$F$7:$U$4000,16,0),0) -> 0 | E76: =IFERROR(VLOOKUP(C76,Sheet1!$F$7:$V$4000,17,0),0) -> 0 | F76: =IFERROR(D76/E76,0) -> 0 | G76: =IFERROR(D76/SUMIF(Sheet1!$F$7:$F$4000,C76,Sheet1!$X$7:$X$4000),0) -> 0 | H76: =IFERROR(G76*(SUMIF(Sheet1!$F$7:$F$4000,C76,Sheet1!$Y$7:$Y$4000)/SUMIF(Sheet1!$F$7:$F$4000,C76,Sheet1!$X$7:$X$4000)),0) -> 0 | I76: =IFERROR(H76/G76, "") | J76: =IFERROR(G76*(SUMIF(Sheet1!$F$7:$F$4000,C76,Sheet1!$N$7:$N$4000)/SUMIF(Sheet1!$F$7:$F$4000,C76,Sheet1!$X$7:$X$4000)),0) -> 0 | K76: =IFERROR(J76/G76, "") | M76: 12 | N76: =Sheet1!$A$1+1 -> 2

Sheet 비교 So sánh
A1: 1. 특근시간 비율분석자료 (종합) - Dữ liệu phân tích tỷ lệ giờ làm ngày nghỉ (Tổng hợp)
B2: 대분류 - Phân loại chung | C2: 중분류 - Phân loại vừa | D2: 소분류 - Phân loại nhỏ | E2: =RIGHT(L3,2) & "년" -> 0년 | F2: =RIGHT(M3,2) & "년" -> 1년 | G2: =RIGHT(N3,2) & "년" -> 2년 | H2: 전년대비 증가액 - Lượng gia tăng so với năm trước | I2: 전년대비 증가비율 - Tỷ lệ gia tăng so với năm trước | J2: 비고 - Ghi chú
B3: 합계 - Tổng cộng | D3: 시간당 매출(원) - Doanh thu (chính) trên thời gian | E3: =IFERROR(VLOOKUP($K$3 & L3,'Sales per employees'!$B$18:$F$20,5,0),0) -> 0 | F3: =IFERROR(VLOOKUP($K$3 & M3,'Sales per employees'!$B$18:$F$20,5,0),0) -> 0 | G3: =IFERROR(VLOOKUP($K$3 & N3,'Sales per employees'!$B$18:$F$20,5,0),0) -> 0 | H3: =F3-E3 -> 0 | I3: =IFERROR(H3/F3,0) -> 0 | J3: 근무시간 1시간당 발생하는 매출은 4.6% 증가 - Doanh thu tăng thêm mỗi một giờ làm việc là 4.6% 즉, 총근무시간 대비한 매출 효율은 증가 - Tức là hiệu suất doanh thu tăng so với tổng thời gian làm việc 단, 4.6%의 시간당 매출증가효율이 인건비 상승분을 따라잡기는 어려움 - Tuy nhiên, rất khó để hiệu suất 4,6% doanh số tăng theo giờ theo kịp với sự gia tăng của chi phí nhân công | K3: Y | L3: =M3-1 -> 0 | M3: =Sheet1!A1 -> 1 | N3: =M3+1 -> 2
D4: 합계시간(h) - Tổng thời gian | E4: =IFERROR(E5+E10,0) -> 0 | F4: =IFERROR(F5+F10,0) -> 0 | G4: =IFERROR(G5+G10,0) -> 0 | H4: =F4-E4 -> 0 | I4: =IFERROR(H4/F4,0) -> 0
D5: 총근무시간(h) -Tổng số giờ làm việc | E5: =IFERROR(AVERAGEIFS('월별 기본데이터 합계'!$W$5:$W$28,'월별 기본데이터 합계'!$C$5:$C$28,L3,'월별 기본데이터 합계'!$W$5:$W$28,">0"),0) -> 0 | F5: =IFERROR(AVERAGEIFS('월별 기본데이터 합계'!$W$5:$W$28,'월별 기본데이터 합계'!$C$5:$C$28,M3,'월별 기본데이터 합계'!$W$5:$W$28,">0"),0) -> 0 | G5: =IFERROR(AVERAGEIFS('월별 기본데이터 합계'!$W$5:$W$28,'월별 기본데이터 합계'!$C$5:$C$28,N3,'월별 기본데이터 합계'!$W$5:$W$28,">0"),0) -> 0 | H5: =F5-E5 -> 0 | I5: =IFERROR(H5/F5,0) -> 0
D6: 평일시간(h) Thời gian làm việc ngày thường | E6: =IFERROR(E4-E8-E10,0) -> 0 | F6: =F4-F8-F10 -> 0 | G6: =G4-G8-G10 -> 0 | H6: =F6-E6 -> 0 | I6: =IFERROR(H6/F6,0) -> 0
D7: 평일비율(h) Tỷ lệ ngày thường | E7: =IFERROR(E6/E4,0) -> 0 | F7: =IFERROR(F6/F4,0) -> 0 | G7: =IFERROR(G6/G4,0) -> 0 | H7: =F7-E7 -> 0
D8: 특근시간(h) Thời gian làm ngày nghỉ | E8: =IFERROR(AVERAGEIFS('월별 기본데이터 합계'!$R$5:$R$28,'월별 기본데이터 합계'!$C$5:$C$28,L3,'월별 기본데이터 합계'!$R$5:$R$28,">0"),0) -> 0 | F8: =IFERROR(AVERAGEIFS('월별 기본데이터 합계'!$R$5:$R$28,'월별 기본데이터 합계'!$C$5:$C$28,M3,'월별 기본데이터 합계'!$R$5:$R$28,">0"),0) -> 0 | G8: =IFERROR(AVERAGEIFS('월별 기본데이터 합계'!$R$5:$R$28,'월별 기본데이터 합계'!$C$5:$C$28,N3,'월별 기본데이터 합계'!$R$5:$R$28,">0"),0) -> 0 | H8: =F8-E8 -> 0 | I8: =IFERROR(H8/F8,0) -> 0
D9: 특근비율(%) Tỷ lệ làm ngày nghỉ | E9: =IFERROR(E8/E4,0) -> 0 | F9: =IFERROR(F8/F4,0) -> 0 | G9: =IFERROR(G8/G4,0) -> 0 | H9: =F9-E9 -> 0
D10: 미근무 시간(h) Số giờ không làm việc | E10: =IFERROR(AVERAGEIFS('월별 기본데이터 합계'!$X$5:$X$28,'월별 기본데이터 합계'!$C$5:$C$28,L3,'월별 기본데이터 합계'!$X$5:$X$28,">0"),0) -> 0 | F10: =IFERROR(AVERAGEIFS('월별 기본데이터 합계'!$X$5:$X$28,'월별 기본데이터 합계'!$C$5:$C$28,M3,'월별 기본데이터 합계'!$X$5:$X$28,">0"),0) -> 0 | G10: =IFERROR(AVERAGEIFS('월별 기본데이터 합계'!$X$5:$X$28,'월별 기본데이터 합계'!$C$5:$C$28,N3,'월별 기본데이터 합계'!$X$5:$X$28,">0"),0) -> 0 | H10: =F10-E10 -> 0 | I10: =IFERROR(H10/F10,0) -> 0
D11: 미근무 시간 비율(%) Tỷ lệ thời gian không làm việc | E11: =IFERROR(E10/E4,0) -> 0 | F11: =IFERROR(F10/F4,0) -> 0 | G11: =IFERROR(G10/G4,0) -> 0 | H11: =F11-E11 -> 0
B12: 부서별 - Theo bộ phận | C12: General Admistration | D12: 합계시간(h) - Tổng thời gian | E12: =IFERROR(E13+E18,0) -> 0 | F12: =IFERROR(F13+F18,0) -> 0 | G12: =IFERROR(G13+G18,0) -> 0 | H12: =F12-E12 -> 0 | I12: =IFERROR((F12-E12)/E12,0) -> 0 | K12: GA
D13: 총근무시간(h) -Tổng số giờ làm việc | E13: =IFERROR(AVERAGEIFS('업무월별분석 Phân tích CV theo tháng'!$C$55:$C$78,'업무월별분석 Phân tích CV theo tháng'!$P$55:$P$78,L3,'업무월별분석 Phân tích CV theo tháng'!$C$55:$C$78,">0"),0) -> 0 | F13: =IFERROR(AVERAGEIFS('업무월별분석 Phân tích CV theo tháng'!$C$55:$C$78,'업무월별분석 Phân tích CV theo tháng'!$P$55:$P$78,M3,'업무월별분석 Phân tích CV theo tháng'!$C$55:$C$78,">0"),0) -> 0 | G13: =IFERROR(AVERAGEIFS('업무월별분석 Phân tích CV theo tháng'!$C$55:$C$78,'업무월별분석 Phân tích CV theo tháng'!$P$55:$P$78,N3,'업무월별분석 Phân tích CV theo tháng'!$C$55:$C$78,">0"),0) -> 0 | H13: =F13-E13 -> 0 | I13: =IFERROR((F13-E13)/F13,0) -> 0
D14: 평일시간(h) Thời gian làm việc ngày thường | E14: =IFERROR(E13-E16,0) -> 0 | F14: =IFERROR(F13-F16,0) -> 0 | G14: =IFERROR(G13-G16,0) -> 0 | H14: =F14-E14 -> 0 | I14: =IFERROR((F14-E14)/F14,0) -> 0
D15: 평일비율(h) Tỷ lệ ngày thường | E15: =IFERROR(E14/E12,0) -> 0 | F15: =IFERROR(F14/F12,0) -> 0 | G15: =IFERROR(G14/G12,0) -> 0 | H15: =F15-E15 -> 0
D16: 특근시간(h) Thời gian làm ngày nghỉ | E16: =IFERROR(AVERAGEIFS('업무월별분석 Phân tích CV theo tháng'!$F$55:$F$78,'업무월별분석 Phân tích CV theo tháng'!$P$55:$P$78,L3,'업무월별분석 Phân tích CV theo tháng'!$F$55:$F$78,">0"),0) -> 0 | F16: =IFERROR(AVERAGEIFS('업무월별분석 Phân tích CV theo tháng'!$F$55:$F$78,'업무월별분석 Phân tích CV theo tháng'!$P$55:$P$78,M3,'업무월별분석 Phân tích CV theo tháng'!$F$55:$F$78,">0"),0) -> 0 | G16: =IFERROR(AVERAGEIFS('업무월별분석 Phân tích CV theo tháng'!$F$55:$F$78,'업무월별분석 Phân tích CV theo tháng'!$P$55:$P$78,N3,'업무월별분석 Phân tích CV theo tháng'!$F$55:$F$78,">0"),0) -> 0 | H16: =F16-E16 -> 0 | I16: =IFERROR((F16-E16)/F16,0) -> 0
D17: 특근비율(%) Tỷ lệ làm ngày nghỉ | E17: =IFERROR(E16/E12,0) -> 0 | F17: =IFERROR(F16/F12,0) -> 0 | G17: =IFERROR(G16/G12,0) -> 0 | H17: =F17-E17 -> 0
D18: 미근무 시간(h) Số giờ không làm việc | E18: =IFERROR(AVERAGEIFS('업무월별분석 Phân tích CV theo tháng'!$G$55:$G$78,'업무월별분석 Phân tích CV theo tháng'!$P$55:$P$78,L3,'업무월별분석 Phân tích CV theo tháng'!$G$55:$G$78,">0"),0) -> 0 | F18: =IFERROR(AVERAGEIFS('업무월별분석 Phân tích CV theo tháng'!$G$55:$G$78,'업무월별분석 Phân tích CV theo tháng'!$P$55:$P$78,M3,'업무월별분석 Phân tích CV theo tháng'!$G$55:$G$78,">0"),0) -> 0 | G18: =IFERROR(AVERAGEIFS('업무월별분석 Phân tích CV theo tháng'!$G$55:$G$78,'업무월별분석 Phân tích CV theo tháng'!$P$55:$P$78,N3,'업무월별분석 Phân tích CV theo tháng'!$G$55:$G$78,">0"),0) -> 0 | H18: =F18-E18 -> 0 | I18: =IFERROR((F18-E18)/F18,0) -> 0
D19: 미근무 시간 비율(%) Tỷ lệ thời gian không làm việc | E19: =IFERROR(E18/E12,0) -> 0 | F19: =IFERROR(F18/F12,0) -> 0 | G19: =IFERROR(G18/G12,0) -> 0 | H19: =F19-E19 -> 0
C20: Production Managerment | D20: 합계시간(h) - Tổng thời gian | E20: =IFERROR(E21+E26,0) -> 0 | F20: =IFERROR(F21+F26,0) -> 0 | G20: =IFERROR(G21+G26,0) -> 0 | H20: =F20-E20 -> 0 | I20: =IFERROR((F20-E20)/E20,0) -> 0 | K20: PM
D21: 총근무시간(h) -Tổng số giờ làm việc | E21: =IFERROR(AVERAGEIFS('업무월별분석 Phân tích CV theo tháng'!$C$82:$C$105,'업무월별분석 Phân tích CV theo tháng'!$P$82:$P$105,L3,'업무월별분석 Phân tích CV theo tháng'!$C$82:$C$105,">0"),0) -> 0 | F21: =IFERROR(AVERAGEIFS('업무월별분석 Phân tích CV theo tháng'!$C$82:$C$105,'업무월별분석 Phân tích CV theo tháng'!$P$82:$P$105,M3,'업무월별분석 Phân tích CV theo tháng'!$C$82:$C$105,">0"),0) -> 0 | G21: =IFERROR(AVERAGEIFS('업무월별분석 Phân tích CV theo tháng'!$C$82:$C$105,'업무월별분석 Phân tích CV theo tháng'!$P$82:$P$105,N3,'업무월별분석 Phân tích CV theo tháng'!$C$82:$C$105,">0"),0) -> 0 | H21: =F21-E21 -> 0 | I21: =IFERROR((F21-E21)/F21,0) -> 0
D22: 평일시간(h) Thời gian làm việc ngày thường | E22: =IFERROR(E21-E24,0) -> 0 | F22: =IFERROR(F21-F24,0) -> 0 | G22: =IFERROR(G21-G24,0) -> 0 | H22: =F22-E22 -> 0 | I22: =IFERROR((F22-E22)/F22,0) -> 0
D23: 평일비율(h) Tỷ lệ ngày thường | E23: =IFERROR(E22/E20,0) -> 0 | F23: =IFERROR(F22/F20,0) -> 0 | G23: =IFERROR(G22/G20,0) -> 0 | H23: =F23-E23 -> 0
D24: 특근시간(h) Thời gian làm ngày nghỉ | E24: =IFERROR(AVERAGEIFS('업무월별분석 Phân tích CV theo tháng'!$F$82:$F$105,'업무월별분석 Phân tích CV theo tháng'!$P$82:$P$105,L3,'업무월별분석 Phân tích CV theo tháng'!$F$82:$F$105,">0"),0) -> 0 | F24: =IFERROR(AVERAGEIF('업무월별분석 Phân tích CV theo tháng'!$P$82:$P$105,M3,'업무월별분석 Phân tích CV theo tháng'!$F$82:$F$105),0) -> 0 | G24: =IFERROR(AVERAGEIF('업무월별분석 Phân tích CV theo tháng'!$P$82:$P$105,N3,'업무월별분석 Phân tích CV theo tháng'!$F$82:$F$105),0) -> 0 | H24: =F24-E24 -> 0 | I24: =IFERROR((F24-E24)/F24,0) -> 0
D25: 특근비율(%) Tỷ lệ làm ngày nghỉ | E25: =IFERROR(E24/E20,0) -> 0 | F25: =IFERROR(F24/F20,0) -> 0 | G25: =IFERROR(G24/G20,0) -> 0 | H25: =F25-E25 -> 0
D26: 미근무 시간(h) Số giờ không làm việc | E26: =IFERROR(AVERAGEIFS('업무월별분석 Phân tích CV theo tháng'!$G$82:$G$105,'업무월별분석 Phân tích CV theo tháng'!$P$82:$P$105,L3,'업무월별분석 Phân tích CV theo tháng'!$G$82:$G$105,">0"),0) -> 0 | F26: =IFERROR(AVERAGEIFS('업무월별분석 Phân tích CV theo tháng'!$G$82:$G$105,'업무월별분석 Phân tích CV theo tháng'!$P$82:$P$105,M3,'업무월별분석 Phân tích CV theo tháng'!$G$82:$G$105,">0"),0) -> 0 | G26: =IFERROR(AVERAGEIFS('업무월별분석 Phân tích CV theo tháng'!$G$82:$G$105,'업무월별분석 Phân tích CV theo tháng'!$P$82:$P$105,N3,'업무월별분석 Phân tích CV theo tháng'!$G$82:$G$105,">0"),0) -> 0 | H26: =F26-E26 -> 0 | I26: =IFERROR((F26-E26)/F26,0) -> 0
D27: 미근무 시간 비율(%) Tỷ lệ thời gian không làm việc | E27: =IFERROR(E26/E20,0) -> 0 | F27: =IFERROR(F26/F20,0) -> 0 | G27: =IFERROR(G26/G20,0) -> 0 | H27: =F27-E27 -> 0
C28: Quality Department | D28: 합계시간(h) - Tổng thời gian | E28: =IFERROR(E29+E34,0) -> 0 | F28: =IFERROR(F29+F34,0) -> 0 | G28: =IFERROR(G29+G34,0) -> 0 | H28: =F28-E28 -> 0 | I28: =IFERROR((F28-E28)/E28,0) -> 0 | K28: QD
D29: 총근무시간(h) -Tổng số giờ làm việc | E29: =IFERROR(AVERAGEIF('업무월별분석 Phân tích CV theo tháng'!$P$109:$P$132,L3,'업무월별분석 Phân tích CV theo tháng'!$C$109:$C$132),0) -> 0 | F29: =IFERROR(AVERAGEIF('업무월별분석 Phân tích CV theo tháng'!$P$109:$P$132,M3,'업무월별분석 Phân tích CV theo tháng'!$C$109:$C$132),0) -> 0 | G29: =IFERROR(AVERAGEIF('업무월별분석 Phân tích CV theo tháng'!$P$109:$P$132,N3,'업무월별분석 Phân tích CV theo tháng'!$C$109:$C$132),0) -> 0 | H29: =F29-E29 -> 0 | I29: =IFERROR((F29-E29)/F29,0) -> 0
D30: 평일시간(h) Thời gian làm việc ngày thường | E30: =IFERROR(E29-E32,0) -> 0 | F30: =IFERROR(F29-F32,0) -> 0 | G30: =IFERROR(G29-G32,0) -> 0 | H30: =F30-E30 -> 0 | I30: =IFERROR((F30-E30)/F30,0) -> 0
D31: 평일비율(h) Tỷ lệ ngày thường | E31: =IFERROR(E30/E28,0) -> 0 | F31: =IFERROR(F30/F28,0) -> 0 | G31: =IFERROR(G30/G28,0) -> 0 | H31: =F31-E31 -> 0
D32: 특근시간(h) Thời gian làm ngày nghỉ | E32: =IFERROR(AVERAGEIFS('업무월별분석 Phân tích CV theo tháng'!$F$109:$F$132,'업무월별분석 Phân tích CV theo tháng'!$P$109:$P$132,L3,'업무월별분석 Phân tích CV theo tháng'!$F$109:$F$132,">0"),0) -> 0 | F32: =IFERROR(AVERAGEIFS('업무월별분석 Phân tích CV theo tháng'!$F$109:$F$132,'업무월별분석 Phân tích CV theo tháng'!$P$109:$P$132,M3,'업무월별분석 Phân tích CV theo tháng'!$F$109:$F$132,">0"),0) -> 0 | G32: =IFERROR(AVERAGEIFS('업무월별분석 Phân tích CV theo tháng'!$F$109:$F$132,'업무월별분석 Phân tích CV theo tháng'!$P$109:$P$132,N3,'업무월별분석 Phân tích CV theo tháng'!$F$109:$F$132,">0"),0) -> 0 | H32: =F32-E32 -> 0 | I32: =IFERROR((F32-E32)/F32,0) -> 0
D33: 특근비율(%) Tỷ lệ làm ngày nghỉ | E33: =IFERROR(E32/E28,0) -> 0 | F33: =IFERROR(F32/F28,0) -> 0 | G33: =IFERROR(G32/G28,0) -> 0 | H33: =F33-E33 -> 0
D34: 미근무 시간(h) Số giờ không làm việc | E34: =IFERROR(AVERAGEIFS('업무월별분석 Phân tích CV theo tháng'!$G$109:$G$132,'업무월별분석 Phân tích CV theo tháng'!$P$109:$P$132,L3,'업무월별분석 Phân tích CV theo tháng'!$G$109:$G$132,">0"),0) -> 0 | F34: =IFERROR(AVERAGEIFS('업무월별분석 Phân tích CV theo tháng'!$G$109:$G$132,'업무월별분석 Phân tích CV theo tháng'!$P$109:$P$132,M3,'업무월별분석 Phân tích CV theo tháng'!$G$109:$G$132,">0"),0) -> 0 | G34: =IFERROR(AVERAGEIFS('업무월별분석 Phân tích CV theo tháng'!$G$109:$G$132,'업무월별분석 Phân tích CV theo tháng'!$P$109:$P$132,N3,'업무월별분석 Phân tích CV theo tháng'!$G$109:$G$132,">0"),0) -> 0 | H34: =F34-E34 -> 0 | I34: =IFERROR((F34-E34)/F34,0) -> 0
D35: 미근무 시간 비율(%) Tỷ lệ thời gian không làm việc | E35: =IFERROR(E34/E28,0) -> 0 | F35: =IFERROR(F34/F28,0) -> 0 | G35: =IFERROR(G34/G28,0) -> 0 | H35: =F35-E35 -> 0
C36: PUR & Logistics | D36: 합계시간(h) - Tổng thời gian | E36: =IFERROR(E37+E42,0) -> 0 | F36: =IFERROR(F37+F42,0) -> 0 | G36: =IFERROR(G37+G42,0) -> 0 | H36: =F36-E36 -> 0 | I36: =IFERROR((F36-E36)/E36,0) -> 0 | K36: PL
D37: 총근무시간(h) -Tổng số giờ làm việc | E37: =IFERROR(AVERAGEIFS('업무월별분석 Phân tích CV theo tháng'!$C$136:$C$159,'업무월별분석 Phân tích CV theo tháng'!$P$136:$P$159,L3,'업무월별분석 Phân tích CV theo tháng'!$C$136:$C$159,">0"),0) -> 0 | F37: =IFERROR(AVERAGEIFS('업무월별분석 Phân tích CV theo tháng'!$C$136:$C$159,'업무월별분석 Phân tích CV theo tháng'!$P$136:$P$159,M3,'업무월별분석 Phân tích CV theo tháng'!$C$136:$C$159,">0"),0) -> 0 | G37: =IFERROR(AVERAGEIFS('업무월별분석 Phân tích CV theo tháng'!$C$136:$C$159,'업무월별분석 Phân tích CV theo tháng'!$P$136:$P$159,N3,'업무월별분석 Phân tích CV theo tháng'!$C$136:$C$159,">0"),0) -> 0 | H37: =F37-E37 -> 0 | I37: =IFERROR((F37-E37)/F37,0) -> 0
D38: 평일시간(h) Thời gian làm việc ngày thường | E38: =IFERROR(E37-E40,0) -> 0 | F38: =IFERROR(F37-F40,0) -> 0 | G38: =IFERROR(G37-G40,0) -> 0 | H38: =F38-E38 -> 0 | I38: =IFERROR((F38-E38)/F38,0) -> 0
D39: 평일비율(h) Tỷ lệ ngày thường | E39: =IFERROR(E38/E36,0) -> 0 | F39: =IFERROR(F38/F36,0) -> 0 | G39: =IFERROR(G38/G36,0) -> 0 | H39: =F39-E39 -> 0
D40: 특근시간(h) Thời gian làm ngày nghỉ | E40: =IFERROR(AVERAGEIFS('업무월별분석 Phân tích CV theo tháng'!$F$136:$F$159,'업무월별분석 Phân tích CV theo tháng'!$P$136:$P$159,L3,'업무월별분석 Phân tích CV theo tháng'!$F$136:$F$159,">0"),0) -> 0 | F40: =IFERROR(AVERAGEIFS('업무월별분석 Phân tích CV theo tháng'!$F$136:$F$159,'업무월별분석 Phân tích CV theo tháng'!$P$136:$P$159,M3,'업무월별분석 Phân tích CV theo tháng'!$F$136:$F$159,">0"),0) -> 0 | G40: =IFERROR(AVERAGEIFS('업무월별분석 Phân tích CV theo tháng'!$F$136:$F$159,'업무월별분석 Phân tích CV theo tháng'!$P$136:$P$159,N3,'업무월별분석 Phân tích CV theo tháng'!$F$136:$F$159,">0"),0) -> 0 | H40: =F40-E40 -> 0 | I40: =IFERROR((F40-E40)/F40,0) -> 0
D41: 특근비율(%) Tỷ lệ làm ngày nghỉ | E41: =IFERROR(E40/E36,0) -> 0 | F41: =IFERROR(F40/F36,0) -> 0 | G41: =IFERROR(G40/G36,0) -> 0 | H41: =F41-E41 -> 0
D42: 미근무 시간(h) Số giờ không làm việc | E42: =IFERROR(AVERAGEIFS('업무월별분석 Phân tích CV theo tháng'!$G$136:$G$159,'업무월별분석 Phân tích CV theo tháng'!$P$136:$P$159,L3,'업무월별분석 Phân tích CV theo tháng'!$G$136:$G$159,">0"),0) -> 0 | F42: =IFERROR(AVERAGEIFS('업무월별분석 Phân tích CV theo tháng'!$G$136:$G$159,'업무월별분석 Phân tích CV theo tháng'!$P$136:$P$159,M3,'업무월별분석 Phân tích CV theo tháng'!$G$136:$G$159,">0"),0) -> 0 | G42: =IFERROR(AVERAGEIFS('업무월별분석 Phân tích CV theo tháng'!$G$136:$G$159,'업무월별분석 Phân tích CV theo tháng'!$P$136:$P$159,N3,'업무월별분석 Phân tích CV theo tháng'!$G$136:$G$159,">0"),0) -> 0 | H42: =F42-E42 -> 0 | I42: =IFERROR((F42-E42)/F42,0) -> 0
D43: 미근무 시간 비율(%) Tỷ lệ thời gian không làm việc | E43: =IFERROR(E42/E36,0) -> 0 | F43: =IFERROR(F42/F36,0) -> 0 | G43: =IFERROR(G42/G36,0) -> 0 | H43: =F43-E43 -> 0
C44: Maintenance | D44: 합계시간(h) - Tổng thời gian | E44: =IFERROR(E45+E50,0) -> 0 | F44: =IFERROR(F45+F50,0) -> 0 | G44: =IFERROR(G45+G50,0) -> 0 | H44: =F44-E44 -> 0 | I44: =IFERROR((F44-E44)/E44,0) -> 0
D45: 총근무시간(h) -Tổng số giờ làm việc | E45: =IFERROR(AVERAGEIFS('업무월별분석 Phân tích CV theo tháng'!$C$163:$C$186,'업무월별분석 Phân tích CV theo tháng'!$P$163:$P$186,L3,'업무월별분석 Phân tích CV theo tháng'!$C$163:$C$186,">0"),0) -> 0 | F45: =IFERROR(AVERAGEIFS('업무월별분석 Phân tích CV theo tháng'!$C$163:$C$186,'업무월별분석 Phân tích CV theo tháng'!$P$163:$P$186,M3,'업무월별분석 Phân tích CV theo tháng'!$C$163:$C$186,">0"),0) -> 0 | G45: =IFERROR(AVERAGEIFS('업무월별분석 Phân tích CV theo tháng'!$C$163:$C$186,'업무월별분석 Phân tích CV theo tháng'!$P$163:$P$186,N3,'업무월별분석 Phân tích CV theo tháng'!$C$163:$C$186,">0"),0) -> 0 | H45: =F45-E45 -> 0 | I45: =IFERROR((F45-E45)/F45,0) -> 0
D46: 평일시간(h) Thời gian làm việc ngày thường | E46: =IFERROR(E45-E48,0) -> 0 | F46: =IFERROR(F45-F48,0) -> 0 | G46: =IFERROR(G45-G48,0) -> 0 | H46: =F46-E46 -> 0 | I46: =IFERROR((F46-E46)/F46,0) -> 0
D47: 평일비율(h) Tỷ lệ ngày thường | E47: =IFERROR(E46/E44,0) -> 0 | F47: =IFERROR(F46/F44,0) -> 0 | G47: =IFERROR(G46/G44,0) -> 0 | H47: =F47-E47 -> 0
D48: 특근시간(h) Thời gian làm ngày nghỉ | E48: =IFERROR(AVERAGEIFS('업무월별분석 Phân tích CV theo tháng'!$F$163:$F$186,'업무월별분석 Phân tích CV theo tháng'!$P$163:$P$186,L3,'업무월별분석 Phân tích CV theo tháng'!$F$163:$F$186,">0"),0) -> 0 | F48: =IFERROR(AVERAGEIFS('업무월별분석 Phân tích CV theo tháng'!$F$163:$F$186,'업무월별분석 Phân tích CV theo tháng'!$P$163:$P$186,M3,'업무월별분석 Phân tích CV theo tháng'!$F$163:$F$186,">0"),0) -> 0 | G48: =IFERROR(AVERAGEIFS('업무월별분석 Phân tích CV theo tháng'!$F$163:$F$186,'업무월별분석 Phân tích CV theo tháng'!$P$163:$P$186,N3,'업무월별분석 Phân tích CV theo tháng'!$F$163:$F$186,">0"),0) -> 0 | H48: =F48-E48 -> 0 | I48: =IFERROR((F48-E48)/F48,0) -> 0
D49: 특근비율(%) Tỷ lệ làm ngày nghỉ | E49: =IFERROR(E48/E44,0) -> 0 | F49: =IFERROR(F48/F44,0) -> 0 | G49: =IFERROR(G48/G44,0) -> 0 | H49: =F49-E49 -> 0
D50: 미근무 시간(h) Số giờ không làm việc | E50: =IFERROR(AVERAGEIFS('업무월별분석 Phân tích CV theo tháng'!$G$163:$G$186,'업무월별분석 Phân tích CV theo tháng'!$P$163:$P$186,L3,'업무월별분석 Phân tích CV theo tháng'!$G$163:$G$186,">0"),0) -> 0 | F50: =IFERROR(AVERAGEIFS('업무월별분석 Phân tích CV theo tháng'!$G$163:$G$186,'업무월별분석 Phân tích CV theo tháng'!$P$163:$P$186,M3,'업무월별분석 Phân tích CV theo tháng'!$G$163:$G$186,">0"),0) -> 0 | G50: =IFERROR(AVERAGEIFS('업무월별분석 Phân tích CV theo tháng'!$G$163:$G$186,'업무월별분석 Phân tích CV theo tháng'!$P$163:$P$186,N3,'업무월별분석 Phân tích CV theo tháng'!$G$163:$G$186,">0"),0) -> 0 | H50: =F50-E50 -> 0 | I50: =IFERROR((F50-E50)/F50,0) -> 0
D51: 미근무 시간 비율(%) Tỷ lệ thời gian không làm việc | E51: =IFERROR(E50/E44,0) -> 0 | F51: =IFERROR(F50/F44,0) -> 0 | G51: =IFERROR(G50/G44,0) -> 0 | H51: =F51-E51 -> 0
C52: Melting | D52: 합계시간(h) - Tổng thời gian | E52: =IFERROR(E53+E58,0) -> 0 | F52: =IFERROR(F53+F58,0) -> 0 | G52: =IFERROR(G53+G58,0) -> 0 | H52: =F52-E52 -> 0 | I52: =IFERROR((F52-E52)/E52,0) -> 0
D53: 총근무시간(h) -Tổng số giờ làm việc | E53: =IFERROR(AVERAGEIFS('업무월별분석 Phân tích CV theo tháng'!$C$190:$C$213,'업무월별분석 Phân tích CV theo tháng'!$P$190:$P$213,L3,'업무월별분석 Phân tích CV theo tháng'!$C$190:$C$213,">0"),0) -> 0 | F53: =IFERROR(AVERAGEIFS('업무월별분석 Phân tích CV theo tháng'!$C$190:$C$213,'업무월별분석 Phân tích CV theo tháng'!$P$190:$P$213,M3,'업무월별분석 Phân tích CV theo tháng'!$C$190:$C$213,">0"),0) -> 0 | G53: =IFERROR(AVERAGEIFS('업무월별분석 Phân tích CV theo tháng'!$C$190:$C$213,'업무월별분석 Phân tích CV theo tháng'!$P$190:$P$213,N3,'업무월별분석 Phân tích CV theo tháng'!$C$190:$C$213,">0"),0) -> 0 | H53: =F53-E53 -> 0 | I53: =IFERROR((F53-E53)/F53,0) -> 0
D54: 평일시간(h) Thời gian làm việc ngày thường | E54: =IFERROR(E53-E56,0) -> 0 | F54: =IFERROR(F53-F56,0) -> 0 | G54: =IFERROR(G53-G56,0) -> 0 | H54: =F54-E54 -> 0 | I54: =IFERROR((F54-E54)/F54,0) -> 0
D55: 평일비율(h) Tỷ lệ ngày thường | E55: =IFERROR(E54/E52,0) -> 0 | F55: =IFERROR(F54/F52,0) -> 0 | G55: =IFERROR(G54/G52,0) -> 0 | H55: =F55-E55 -> 0
D56: 특근시간(h) Thời gian làm ngày nghỉ | E56: =IFERROR(AVERAGEIFS('업무월별분석 Phân tích CV theo tháng'!$F$190:$F$213,'업무월별분석 Phân tích CV theo tháng'!$P$190:$P$213,L3,'업무월별분석 Phân tích CV theo tháng'!$F$190:$F$213,">0"),0) -> 0 | F56: =IFERROR(AVERAGEIFS('업무월별분석 Phân tích CV theo tháng'!$F$190:$F$213,'업무월별분석 Phân tích CV theo tháng'!$P$190:$P$213,M3,'업무월별분석 Phân tích CV theo tháng'!$F$190:$F$213,">0"),0) -> 0 | G56: =IFERROR(AVERAGEIFS('업무월별분석 Phân tích CV theo tháng'!$F$190:$F$213,'업무월별분석 Phân tích CV theo tháng'!$P$190:$P$213,N3,'업무월별분석 Phân tích CV theo tháng'!$F$190:$F$213,">0"),0) -> 0 | H56: =F56-E56 -> 0 | I56: =IFERROR((F56-E56)/F56,0) -> 0
D57: 특근비율(%) Tỷ lệ làm ngày nghỉ | E57: =IFERROR(E56/E52,0) -> 0 | F57: =IFERROR(F56/F52,0) -> 0 | G57: =IFERROR(G56/G52,0) -> 0 | H57: =F57-E57 -> 0
D58: 미근무 시간(h) Số giờ không làm việc | E58: =IFERROR(AVERAGEIFS('업무월별분석 Phân tích CV theo tháng'!$G$190:$G$213,'업무월별분석 Phân tích CV theo tháng'!$P$190:$P$213,L3,'업무월별분석 Phân tích CV theo tháng'!$G$190:$G$213,">0"),0) -> 0 | F58: =IFERROR(AVERAGEIFS('업무월별분석 Phân tích CV theo tháng'!$G$190:$G$213,'업무월별분석 Phân tích CV theo tháng'!$P$190:$P$213,M3,'업무월별분석 Phân tích CV theo tháng'!$G$190:$G$213,">0"),0) -> 0 | G58: =IFERROR(AVERAGEIFS('업무월별분석 Phân tích CV theo tháng'!$G$190:$G$213,'업무월별분석 Phân tích CV theo tháng'!$P$190:$P$213,N3,'업무월별분석 Phân tích CV theo tháng'!$G$190:$G$213,">0"),0) -> 0 | H58: =F58-E58 -> 0 | I58: =IFERROR((F58-E58)/F58,0) -> 0
D59: 미근무 시간 비율(%) Tỷ lệ thời gian không làm việc | E59: =IFERROR(E58/E52,0) -> 0 | F59: =IFERROR(F58/F52,0) -> 0 | G59: =IFERROR(G58/G52,0) -> 0 | H59: =F59-E59 -> 0
C60: Degate | D60: 합계시간(h) - Tổng thời gian | E60: =IFERROR(E61+E66,0) -> 0 | F60: =IFERROR(F61+F66,0) -> 0 | G60: =IFERROR(G61+G66,0) -> 0 | H60: =F60-E60 -> 0 | I60: =IFERROR((F60-E60)/E60,0) -> 0
D61: 총근무시간(h) -Tổng số giờ làm việc | E61: =IFERROR(AVERAGEIFS('업무월별분석 Phân tích CV theo tháng'!$C$217:$C$240,'업무월별분석 Phân tích CV theo tháng'!$P$217:$P$240,L3,'업무월별분석 Phân tích CV theo tháng'!$C$217:$C$240,">0"),0) -> 0 | F61: =IFERROR(AVERAGEIFS('업무월별분석 Phân tích CV theo tháng'!$C$217:$C$240,'업무월별분석 Phân tích CV theo tháng'!$P$217:$P$240,M3,'업무월별분석 Phân tích CV theo tháng'!$C$217:$C$240,">0"),0) -> 0 | G61: =IFERROR(AVERAGEIFS('업무월별분석 Phân tích CV theo tháng'!$C$217:$C$240,'업무월별분석 Phân tích CV theo tháng'!$P$217:$P$240,N3,'업무월별분석 Phân tích CV theo tháng'!$C$217:$C$240,">0"),0) -> 0 | H61: =F61-E61 -> 0 | I61: =IFERROR((F61-E61)/F61,0) -> 0
D62: 평일시간(h) Thời gian làm việc ngày thường | E62: =IFERROR(E61-E64,0) -> 0 | F62: =IFERROR(F61-F64,0) -> 0 | G62: =IFERROR(G61-G64,0) -> 0 | H62: =F62-E62 -> 0 | I62: =IFERROR((F62-E62)/F62,0) -> 0
D63: 평일비율(h) Tỷ lệ ngày thường | E63: =IFERROR(E62/E60,0) -> 0 | F63: =IFERROR(F62/F60,0) -> 0 | G63: =IFERROR(G62/G60,0) -> 0 | H63: =F63-E63 -> 0
D64: 특근시간(h) Thời gian làm ngày nghỉ | E64: =IFERROR(AVERAGEIFS('업무월별분석 Phân tích CV theo tháng'!$F$217:$F$240,'업무월별분석 Phân tích CV theo tháng'!$P$217:$P$240,L3,'업무월별분석 Phân tích CV theo tháng'!$F$217:$F$240,">0"),0) -> 0 | F64: =IFERROR(AVERAGEIFS('업무월별분석 Phân tích CV theo tháng'!$F$217:$F$240,'업무월별분석 Phân tích CV theo tháng'!$P$217:$P$240,M3,'업무월별분석 Phân tích CV theo tháng'!$F$217:$F$240,">0"),0) -> 0 | G64: =IFERROR(AVERAGEIFS('업무월별분석 Phân tích CV theo tháng'!$F$217:$F$240,'업무월별분석 Phân tích CV theo tháng'!$P$217:$P$240,N3,'업무월별분석 Phân tích CV theo tháng'!$F$217:$F$240,">0"),0) -> 0 | H64: =F64-E64 -> 0 | I64: =IFERROR((F64-E64)/F64,0) -> 0
D65: 특근비율(%) Tỷ lệ làm ngày nghỉ | E65: =IFERROR(E64/E60,0) -> 0 | F65: =IFERROR(F64/F60,0) -> 0 | G65: =IFERROR(G64/G60,0) -> 0 | H65: =F65-E65 -> 0
D66: 미근무 시간(h) Số giờ không làm việc | E66: =IFERROR(AVERAGEIFS('업무월별분석 Phân tích CV theo tháng'!$G$217:$G$240,'업무월별분석 Phân tích CV theo tháng'!$P$217:$P$240,L3,'업무월별분석 Phân tích CV theo tháng'!$G$217:$G$240,">0"),0) -> 0 | F66: =IFERROR(AVERAGEIFS('업무월별분석 Phân tích CV theo tháng'!$G$217:$G$240,'업무월별분석 Phân tích CV theo tháng'!$P$217:$P$240,M3,'업무월별분석 Phân tích CV theo tháng'!$G$217:$G$240,">0"),0) -> 0 | G66: =IFERROR(AVERAGEIFS('업무월별분석 Phân tích CV theo tháng'!$G$217:$G$240,'업무월별분석 Phân tích CV theo tháng'!$P$217:$P$240,N3,'업무월별분석 Phân tích CV theo tháng'!$G$217:$G$240,">0"),0) -> 0 | H66: =F66-E66 -> 0 | I66: =IFERROR((F66-E66)/F66,0) -> 0
D67: 미근무 시간 비율(%) Tỷ lệ thời gian không làm việc | E67: =IFERROR(E66/E60,0) -> 0 | F67: =IFERROR(F66/F60,0) -> 0 | G67: =IFERROR(G66/G60,0) -> 0 | H67: =F67-E67 -> 0
C68: Shotblast | D68: 합계시간(h) - Tổng thời gian | E68: =IFERROR(E69+E74,0) -> 0 | F68: =IFERROR(F69+F74,0) -> 0 | G68: =IFERROR(G69+G74,0) -> 0 | H68: =F68-E68 -> 0 | I68: =IFERROR((F68-E68)/E68,0) -> 0
D69: 총근무시간(h) -Tổng số giờ làm việc | E69: =IFERROR(AVERAGEIFS('업무월별분석 Phân tích CV theo tháng'!$C$244:$C$267,'업무월별분석 Phân tích CV theo tháng'!$P$244:$P$267,L3,'업무월별분석 Phân tích CV theo tháng'!$C$44:$C$267,">0"),0) -> 0 | F69: =IFERROR(AVERAGEIFS('업무월별분석 Phân tích CV theo tháng'!$C$244:$C$267,'업무월별분석 Phân tích CV theo tháng'!$P$244:$P$267,M3,'업무월별분석 Phân tích CV theo tháng'!$C$44:$C$267,">0"),0) -> 0 | G69: =IFERROR(AVERAGEIFS('업무월별분석 Phân tích CV theo tháng'!$C$244:$C$267,'업무월별분석 Phân tích CV theo tháng'!$P$244:$P$267,N3,'업무월별분석 Phân tích CV theo tháng'!$C$44:$C$267,">0"),0) -> 0 | H69: =F69-E69 -> 0 | I69: =IFERROR((F69-E69)/F69,0) -> 0
D70: 평일시간(h) Thời gian làm việc ngày thường | E70: =IFERROR(E69-E72,0) -> 0 | F70: =IFERROR(F69-F72,0) -> 0 | G70: =IFERROR(G69-G72,0) -> 0 | H70: =F70-E70 -> 0 | I70: =IFERROR((F70-E70)/F70,0) -> 0
D71: 평일비율(h) Tỷ lệ ngày thường | E71: =IFERROR(E70/E68,0) -> 0 | F71: =IFERROR(F70/F68,0) -> 0 | G71: =IFERROR(G70/G68,0) -> 0 | H71: =F71-E71 -> 0
D72: 특근시간(h) Thời gian làm ngày nghỉ | E72: =IFERROR(AVERAGEIFS('업무월별분석 Phân tích CV theo tháng'!$F$244:$F$267,'업무월별분석 Phân tích CV theo tháng'!$P$244:$P$267,L3,'업무월별분석 Phân tích CV theo tháng'!$F$244:$F$267,">0"),0) -> 0 | F72: =IFERROR(AVERAGEIFS('업무월별분석 Phân tích CV theo tháng'!$F$244:$F$267,'업무월별분석 Phân tích CV theo tháng'!$P$244:$P$267,M3,'업무월별분석 Phân tích CV theo tháng'!$F$244:$F$267,">0"),0) -> 0 | G72: =IFERROR(AVERAGEIFS('업무월별분석 Phân tích CV theo tháng'!$F$244:$F$267,'업무월별분석 Phân tích CV theo tháng'!$P$244:$P$267,N3,'업무월별분석 Phân tích CV theo tháng'!$F$244:$F$267,">0"),0) -> 0 | H72: =F72-E72 -> 0 | I72: =IFERROR((F72-E72)/F72,0) -> 0
D73: 특근비율(%) Tỷ lệ làm ngày nghỉ | E73: =IFERROR(E72/E68,0) -> 0 | F73: =IFERROR(F72/F68,0) -> 0 | G73: =IFERROR(G72/G68,0) -> 0 | H73: =F73-E73 -> 0
D74: 미근무 시간(h) Số giờ không làm việc | E74: =IFERROR(AVERAGEIFS('업무월별분석 Phân tích CV theo tháng'!$G$244:$G$260,'업무월별분석 Phân tích CV theo tháng'!$P$244:$P$260,L3,'업무월별분석 Phân tích CV theo tháng'!$G$244:$G$260,">0"),0) -> 0 | F74: =IFERROR(AVERAGEIFS('업무월별분석 Phân tích CV theo tháng'!$G$244:$G$260,'업무월별분석 Phân tích CV theo tháng'!$P$244:$P$260,M3,'업무월별분석 Phân tích CV theo tháng'!$G$244:$G$260,">0"),0) -> 0 | G74: =IFERROR(AVERAGEIFS('업무월별분석 Phân tích CV theo tháng'!$G$244:$G$260,'업무월별분석 Phân tích CV theo tháng'!$P$244:$P$260,N3,'업무월별분석 Phân tích CV theo tháng'!$G$244:$G$260,">0"),0) -> 0 | H74: =F74-E74 -> 0 | I74: =IFERROR((F74-E74)/F74,0) -> 0
D75: 미근무 시간 비율(%) Tỷ lệ thời gian không làm việc | E75: =IFERROR(E74/E68,0) -> 0 | F75: =IFERROR(F74/F68,0) -> 0 | G75: =IFERROR(G74/G68,0) -> 0 | H75: =F75-E75 -> 0
C76: Deburing | D76: 합계시간(h) - Tổng thời gian | E76: =IFERROR(E77+E82,0) -> 0 | F76: =IFERROR(F77+F82,0) -> 0 | G76: =IFERROR(G77+G82,0) -> 0 | H76: =F76-E76 -> 0 | I76: =IFERROR((F76-E76)/E76,0) -> 0
D77: 총근무시간(h) -Tổng số giờ làm việc | E77: =IFERROR(AVERAGEIFS('업무월별분석 Phân tích CV theo tháng'!$C$271:$C$294,'업무월별분석 Phân tích CV theo tháng'!$P$271:$P$294,L3,'업무월별분석 Phân tích CV theo tháng'!$C$271:$C$294,">0"),0) -> 0 | F77: =IFERROR(AVERAGEIFS('업무월별분석 Phân tích CV theo tháng'!$C$271:$C$294,'업무월별분석 Phân tích CV theo tháng'!$P$271:$P$294,M3,'업무월별분석 Phân tích CV theo tháng'!$C$271:$C$294,">0"),0) -> 0 | G77: =IFERROR(AVERAGEIFS('업무월별분석 Phân tích CV theo tháng'!$C$271:$C$294,'업무월별분석 Phân tích CV theo tháng'!$P$271:$P$294,N3,'업무월별분석 Phân tích CV theo tháng'!$C$271:$C$294,">0"),0) -> 0 | H77: =F77-E77 -> 0 | I77: =IFERROR((F77-E77)/F77,0) -> 0
D78: 평일시간(h) Thời gian làm việc ngày thường | E78: =IFERROR(E77-E80,0) -> 0 | F78: =IFERROR(F77-F80,0) -> 0 | G78: =IFERROR(G77-G80,0) -> 0 | H78: =F78-E78 -> 0 | I78: =IFERROR((F78-E78)/F78,0) -> 0
D79: 평일비율(h) Tỷ lệ ngày thường | E79: =IFERROR(E78/E76,0) -> 0 | F79: =IFERROR(F78/F76,0) -> 0 | G79: =IFERROR(G78/G76,0) -> 0 | H79: =F79-E79 -> 0
D80: 특근시간(h) Thời gian làm ngày nghỉ | E80: =IFERROR(AVERAGEIFS('업무월별분석 Phân tích CV theo tháng'!$F$271:$F$294,'업무월별분석 Phân tích CV theo tháng'!$P$271:$P$294,L3,'업무월별분석 Phân tích CV theo tháng'!$F$271:$F$294,">0"),0) -> 0 | F80: =IFERROR(AVERAGEIFS('업무월별분석 Phân tích CV theo tháng'!$F$271:$F$294,'업무월별분석 Phân tích CV theo tháng'!$P$271:$P$294,M3,'업무월별분석 Phân tích CV theo tháng'!$F$271:$F$294,">0"),0) -> 0 | G80: =IFERROR(AVERAGEIFS('업무월별분석 Phân tích CV theo tháng'!$F$271:$F$294,'업무월별분석 Phân tích CV theo tháng'!$P$271:$P$294,N3,'업무월별분석 Phân tích CV theo tháng'!$F$271:$F$294,">0"),0) -> 0 | H80: =F80-E80 -> 0 | I80: =IFERROR((F80-E80)/F80,0) -> 0
D81: 특근비율(%) Tỷ lệ làm ngày nghỉ | E81: =IFERROR(E80/E76,0) -> 0 | F81: =IFERROR(F80/F76,0) -> 0 | G81: =IFERROR(G80/G76,0) -> 0 | H81: =F81-E81 -> 0
D82: 미근무 시간(h) Số giờ không làm việc | E82: =IFERROR(AVERAGEIFS('업무월별분석 Phân tích CV theo tháng'!$G$271:$G$294,'업무월별분석 Phân tích CV theo tháng'!$P$271:$P$294,L3,'업무월별분석 Phân tích CV theo tháng'!$G$271:$G$294,">0"),0) -> 0 | F82: =IFERROR(AVERAGEIFS('업무월별분석 Phân tích CV theo tháng'!$G$271:$G$294,'업무월별분석 Phân tích CV theo tháng'!$P$271:$P$294,M3,'업무월별분석 Phân tích CV theo tháng'!$G$271:$G$294,">0"),0) -> 0 | G82: =IFERROR(AVERAGEIFS('업무월별분석 Phân tích CV theo tháng'!$G$271:$G$294,'업무월별분석 Phân tích CV theo tháng'!$P$271:$P$294,N3,'업무월별분석 Phân tích CV theo tháng'!$G$271:$G$294,">0"),0) -> 0 | H82: =F82-E82 -> 0 | I82: =IFERROR((F82-E82)/F82,0) -> 0
D83: 미근무 시간 비율(%) Tỷ lệ thời gian không làm việc | E83: =IFERROR(E82/E76,0) -> 0 | F83: =IFERROR(F82/F76,0) -> 0 | G83: =IFERROR(G82/G76,0) -> 0 | H83: =F83-E83 -> 0
C84: Inspector | D84: 합계시간(h) - Tổng thời gian | E84: =IFERROR(E85+E90,0) -> 0 | F84: =IFERROR(F85+F90,0) -> 0 | G84: =IFERROR(G85+G90,0) -> 0 | H84: =F84-E84 -> 0 | I84: =IFERROR((F84-E84)/E84,0) -> 0
D85: 총근무시간(h) -Tổng số giờ làm việc | E85: =IFERROR(AVERAGEIFS('업무월별분석 Phân tích CV theo tháng'!$C$298:$C$321,'업무월별분석 Phân tích CV theo tháng'!$P$298:$P$321,L3,'업무월별분석 Phân tích CV theo tháng'!$C$298:$C$321,">0"),0) -> 0 | F85: =IFERROR(AVERAGEIFS('업무월별분석 Phân tích CV theo tháng'!$C$298:$C$321,'업무월별분석 Phân tích CV theo tháng'!$P$298:$P$321,M3,'업무월별분석 Phân tích CV theo tháng'!$C$298:$C$321,">0"),0) -> 0 | G85: =IFERROR(AVERAGEIFS('업무월별분석 Phân tích CV theo tháng'!$C$298:$C$321,'업무월별분석 Phân tích CV theo tháng'!$P$298:$P$321,N3,'업무월별분석 Phân tích CV theo tháng'!$C$298:$C$321,">0"),0) -> 0 | H85: =F85-E85 -> 0 | I85: =IFERROR((F85-E85)/F85,0) -> 0
D86: 평일시간(h) Thời gian làm việc ngày thường | E86: =IFERROR(E85-E88,0) -> 0 | F86: =IFERROR(F85-F88,0) -> 0 | G86: =IFERROR(G85-G88,0) -> 0 | H86: =F86-E86 -> 0 | I86: =IFERROR((F86-E86)/F86,0) -> 0
D87: 평일비율(h) Tỷ lệ ngày thường | E87: =IFERROR(E86/E84,0) -> 0 | F87: =IFERROR(F86/F84,0) -> 0 | G87: =IFERROR(G86/G84,0) -> 0 | H87: =F87-E87 -> 0
D88: 특근시간(h) Thời gian làm ngày nghỉ | E88: =IFERROR(AVERAGEIFS('업무월별분석 Phân tích CV theo tháng'!$F$298:$F$321,'업무월별분석 Phân tích CV theo tháng'!$P$298:$P$321,L3,'업무월별분석 Phân tích CV theo tháng'!$F$298:$F$321,">0"),0) -> 0 | F88: =IFERROR(AVERAGEIFS('업무월별분석 Phân tích CV theo tháng'!$F$298:$F$321,'업무월별분석 Phân tích CV theo tháng'!$P$298:$P$321,M3,'업무월별분석 Phân tích CV theo tháng'!$F$298:$F$321,">0"),0) -> 0 | G88: =IFERROR(AVERAGEIFS('업무월별분석 Phân tích CV theo tháng'!$F$298:$F$321,'업무월별분석 Phân tích CV theo tháng'!$P$298:$P$321,N3,'업무월별분석 Phân tích CV theo tháng'!$F$298:$F$321,">0"),0) -> 0 | H88: =F88-E88 -> 0 | I88: =IFERROR((F88-E88)/F88,0) -> 0
D89: 특근비율(%) Tỷ lệ làm ngày nghỉ | E89: =IFERROR(E88/E84,0) -> 0 | F89: =IFERROR(F88/F84,0) -> 0 | G89: =IFERROR(G88/G84,0) -> 0 | H89: =F89-E89 -> 0
D90: 미근무 시간(h) Số giờ không làm việc | E90: =IFERROR(AVERAGEIFS('업무월별분석 Phân tích CV theo tháng'!$G$298:$G$321,'업무월별분석 Phân tích CV theo tháng'!$P$298:$P$321,L3,'업무월별분석 Phân tích CV theo tháng'!$G$298:$G$321,">0"),0) -> 0 | F90: =IFERROR(AVERAGEIFS('업무월별분석 Phân tích CV theo tháng'!$G$298:$G$321,'업무월별분석 Phân tích CV theo tháng'!$P$298:$P$321,M3,'업무월별분석 Phân tích CV theo tháng'!$G$298:$G$321,">0"),0) -> 0 | G90: =IFERROR(AVERAGEIFS('업무월별분석 Phân tích CV theo tháng'!$G$298:$G$321,'업무월별분석 Phân tích CV theo tháng'!$P$298:$P$321,N3,'업무월별분석 Phân tích CV theo tháng'!$G$298:$G$321,">0"),0) -> 0 | H90: =F90-E90 -> 0 | I90: =IFERROR((F90-E90)/F90,0) -> 0
D91: 미근무 시간 비율(%) Tỷ lệ thời gian không làm việc | E91: =IFERROR(E90/E84,0) -> 0 | F91: =IFERROR(F90/F84,0) -> 0 | G91: =IFERROR(G90/G84,0) -> 0 | H91: =F91-E91 -> 0

Sheet 월별분석 Phân tích theo tháng
A1: 기본정보 - Thông tin cơ bản | B1: 총합계시간 대비 비율 (시간) - Tỷ lệ so sánh thời gian tổng (tiếng)
A2: 월 | B2: 통상근무비율 Tỷ lệ làm việc bình thường | C2: 잔업비율 tỷ lệ tăng ca | D2: 특근비율 Tỷ lệ ngày nghỉ - nghỉ phép | E2: LOSS비율 - Tỷ lệ k đi làm trong giờ Hành chính | F2: 통상+잔업(평일근무) Bình thường + tăng ca(làm việc ngày thường)
A3: =DATE(I3,H3,1) -> 1 | B3: =VLOOKUP(A3,'월별 기본데이터 합계'!$A$5:$AD$28,30,0) -> 0 | C3: =VLOOKUP(A3,'월별 기본데이터 합계'!$A$5:$AE$28,31,0) -> 0 | D3: =VLOOKUP(A3,'월별 기본데이터 합계'!$A$5:$AF$28,32,0) -> 0 | E3: =VLOOKUP(A3,'월별 기본데이터 합계'!$A$5:$AG$28,33,0) -> 0 | F3: =IFERROR(B3+C3,"") -> 0 | H3: 1 | I3: =Sheet1!$A$1-1 -> 0
A4: =DATE(I4,H4,1) -> 32 | B4: =VLOOKUP(A4,'월별 기본데이터 합계'!$A$5:$AD$28,30,0) -> 0 | C4: =VLOOKUP(A4,'월별 기본데이터 합계'!$A$5:$AE$28,31,0) -> 0 | D4: =VLOOKUP(A4,'월별 기본데이터 합계'!$A$5:$AF$28,32,0) -> 0 | E4: =VLOOKUP(A4,'월별 기본데이터 합계'!$A$5:$AG$28,33,0) -> 0 | F4: =IFERROR(B4+C4,"") -> 0 | H4: 2 | I4: =Sheet1!$A$1-1 -> 0
A5: =DATE(I5,H5,1) -> 61 | B5: =VLOOKUP(A5,'월별 기본데이터 합계'!$A$5:$AD$28,30,0) -> 0 | C5: =VLOOKUP(A5,'월별 기본데이터 합계'!$A$5:$AE$28,31,0) -> 0 | D5: =VLOOKUP(A5,'월별 기본데이터 합계'!$A$5:$AF$28,32,0) -> 0 | E5: =VLOOKUP(A5,'월별 기본데이터 합계'!$A$5:$AG$28,33,0) -> 0 | F5: =IFERROR(B5+C5,"") -> 0 | H5: 3 | I5: =Sheet1!$A$1-1 -> 0
A6: =DATE(I6,H6,1) -> 92 | B6: =VLOOKUP(A6,'월별 기본데이터 합계'!$A$5:$AD$28,30,0) -> 0 | C6: =VLOOKUP(A6,'월별 기본데이터 합계'!$A$5:$AE$28,31,0) -> 0 | D6: =VLOOKUP(A6,'월별 기본데이터 합계'!$A$5:$AF$28,32,0) -> 0 | E6: =VLOOKUP(A6,'월별 기본데이터 합계'!$A$5:$AG$28,33,0) -> 0 | F6: =IFERROR(B6+C6,"") -> 0 | H6: 4 | I6: =Sheet1!$A$1-1 -> 0
A7: =DATE(I7,H7,1) -> 122 | B7: =VLOOKUP(A7,'월별 기본데이터 합계'!$A$5:$AD$28,30,0) -> 0 | C7: =VLOOKUP(A7,'월별 기본데이터 합계'!$A$5:$AE$28,31,0) -> 0 | D7: =VLOOKUP(A7,'월별 기본데이터 합계'!$A$5:$AF$28,32,0) -> 0 | E7: =VLOOKUP(A7,'월별 기본데이터 합계'!$A$5:$AG$28,33,0) -> 0 | F7: =IFERROR(B7+C7,"") -> 0 | H7: 5 | I7: =Sheet1!$A$1-1 -> 0
A8: =DATE(I8,H8,1) -> 153 | B8: =VLOOKUP(A8,'월별 기본데이터 합계'!$A$5:$AD$28,30,0) -> 0 | C8: =VLOOKUP(A8,'월별 기본데이터 합계'!$A$5:$AE$28,31,0) -> 0 | D8: =VLOOKUP(A8,'월별 기본데이터 합계'!$A$5:$AF$28,32,0) -> 0 | E8: =VLOOKUP(A8,'월별 기본데이터 합계'!$A$5:$AG$28,33,0) -> 0 | F8: =IFERROR(B8+C8,"") -> 0 | H8: 6 | I8: =Sheet1!$A$1-1 -> 0
A9: =DATE(I9,H9,1) -> 183 | B9: =VLOOKUP(A9,'월별 기본데이터 합계'!$A$5:$AD$28,30,0) -> 0 | C9: =VLOOKUP(A9,'월별 기본데이터 합계'!$A$5:$AE$28,31,0) -> 0 | D9: =VLOOKUP(A9,'월별 기본데이터 합계'!$A$5:$AF$28,32,0) -> 0 | E9: =VLOOKUP(A9,'월별 기본데이터 합계'!$A$5:$AG$28,33,0) -> 0 | F9: =IFERROR(B9+C9,"") -> 0 | H9: 7 | I9: =Sheet1!$A$1-1 -> 0
A10: =DATE(I10,H10,1) -> 214 | B10: =VLOOKUP(A10,'월별 기본데이터 합계'!$A$5:$AD$28,30,0) -> 0 | C10: =VLOOKUP(A10,'월별 기본데이터 합계'!$A$5:$AE$28,31,0) -> 0 | D10: =VLOOKUP(A10,'월별 기본데이터 합계'!$A$5:$AF$28,32,0) -> 0 | E10: =VLOOKUP(A10,'월별 기본데이터 합계'!$A$5:$AG$28,33,0) -> 0 | F10: =IFERROR(B10+C10,"") -> 0 | H10: 8 | I10: =Sheet1!$A$1-1 -> 0
A11: =DATE(I11,H11,1) -> 245 | B11: =VLOOKUP(A11,'월별 기본데이터 합계'!$A$5:$AD$28,30,0) -> 0 | C11: =VLOOKUP(A11,'월별 기본데이터 합계'!$A$5:$AE$28,31,0) -> 0 | D11: =VLOOKUP(A11,'월별 기본데이터 합계'!$A$5:$AF$28,32,0) -> 0 | E11: =VLOOKUP(A11,'월별 기본데이터 합계'!$A$5:$AG$28,33,0) -> 0 | F11: =IFERROR(B11+C11,"") -> 0 | H11: 9 | I11: =Sheet1!$A$1-1 -> 0
A12: =DATE(I12,H12,1) -> 275 | B12: =VLOOKUP(A12,'월별 기본데이터 합계'!$A$5:$AD$28,30,0) -> 0 | C12: =VLOOKUP(A12,'월별 기본데이터 합계'!$A$5:$AE$28,31,0) -> 0 | D12: =VLOOKUP(A12,'월별 기본데이터 합계'!$A$5:$AF$28,32,0) -> 0 | E12: =VLOOKUP(A12,'월별 기본데이터 합계'!$A$5:$AG$28,33,0) -> 0 | F12: =IFERROR(B12+C12,"") -> 0 | H12: 10 | I12: =Sheet1!$A$1-1 -> 0
A13: =DATE(I13,H13,1) -> 306 | B13: =VLOOKUP(A13,'월별 기본데이터 합계'!$A$5:$AD$28,30,0) -> 0 | C13: =VLOOKUP(A13,'월별 기본데이터 합계'!$A$5:$AE$28,31,0) -> 0 | D13: =VLOOKUP(A13,'월별 기본데이터 합계'!$A$5:$AF$28,32,0) -> 0 | E13: =VLOOKUP(A13,'월별 기본데이터 합계'!$A$5:$AG$28,33,0) -> 0 | F13: =IFERROR(B13+C13,"") -> 0 | H13: 11 | I13: =Sheet1!$A$1-1 -> 0
A14: =DATE(I14,H14,1) -> 336 | B14: =VLOOKUP(A14,'월별 기본데이터 합계'!$A$5:$AD$28,30,0) -> 0 | C14: =VLOOKUP(A14,'월별 기본데이터 합계'!$A$5:$AE$28,31,0) -> 0 | D14: =VLOOKUP(A14,'월별 기본데이터 합계'!$A$5:$AF$28,32,0) -> 0 | E14: =VLOOKUP(A14,'월별 기본데이터 합계'!$A$5:$AG$28,33,0) -> 0 | F14: =IFERROR(B14+C14,"") -> 0 | H14: 12 | I14: =Sheet1!$A$1-1 -> 0
A15: =DATE(I15,H15,1) -> 367 | B15: =VLOOKUP(A15,'월별 기본데이터 합계'!$A$5:$AD$28,30,0) -> 0 | C15: =VLOOKUP(A15,'월별 기본데이터 합계'!$A$5:$AE$28,31,0) -> 0 | D15: =VLOOKUP(A15,'월별 기본데이터 합계'!$A$5:$AF$28,32,0) -> 0 | E15: =VLOOKUP(A15,'월별 기본데이터 합계'!$A$5:$AG$28,33,0) -> 0 | F15: =IFERROR(B15+C15,"") -> 0 | H15: 1 | I15: =Sheet1!$A$1 -> 1
A16: =DATE(I16,H16,1) -> 398 | B16: =VLOOKUP(A16,'월별 기본데이터 합계'!$A$5:$AD$28,30,0) -> 0 | C16: =VLOOKUP(A16,'월별 기본데이터 합계'!$A$5:$AE$28,31,0) -> 0 | D16: =VLOOKUP(A16,'월별 기본데이터 합계'!$A$5:$AF$28,32,0) -> 0 | E16: =VLOOKUP(A16,'월별 기본데이터 합계'!$A$5:$AG$28,33,0) -> 0 | F16: =IFERROR(B16+C16,"") -> 0 | H16: 2 | I16: =Sheet1!$A$1 -> 1
A17: =DATE(I17,H17,1) -> 426 | B17: =VLOOKUP(A17,'월별 기본데이터 합계'!$A$5:$AD$28,30,0) -> 0 | C17: =VLOOKUP(A17,'월별 기본데이터 합계'!$A$5:$AE$28,31,0) -> 0 | D17: =VLOOKUP(A17,'월별 기본데이터 합계'!$A$5:$AF$28,32,0) -> 0 | E17: =VLOOKUP(A17,'월별 기본데이터 합계'!$A$5:$AG$28,33,0) -> 0 | F17: =IFERROR(B17+C17,"") -> 0 | H17: 3 | I17: =Sheet1!$A$1 -> 1
A18: =DATE(I18,H18,1) -> 457 | B18: =VLOOKUP(A18,'월별 기본데이터 합계'!$A$5:$AD$28,30,0) -> 0 | C18: =VLOOKUP(A18,'월별 기본데이터 합계'!$A$5:$AE$28,31,0) -> 0 | D18: =VLOOKUP(A18,'월별 기본데이터 합계'!$A$5:$AF$28,32,0) -> 0 | E18: =VLOOKUP(A18,'월별 기본데이터 합계'!$A$5:$AG$28,33,0) -> 0 | F18: =IFERROR(B18+C18,"") -> 0 | H18: 4 | I18: =Sheet1!$A$1 -> 1
A19: =DATE(I19,H19,1) -> 487 | B19: =VLOOKUP(A19,'월별 기본데이터 합계'!$A$5:$AD$28,30,0) -> 0 | C19: =VLOOKUP(A19,'월별 기본데이터 합계'!$A$5:$AE$28,31,0) -> 0 | D19: =VLOOKUP(A19,'월별 기본데이터 합계'!$A$5:$AF$28,32,0) -> 0 | E19: =VLOOKUP(A19,'월별 기본데이터 합계'!$A$5:$AG$28,33,0) -> 0 | F19: =IFERROR(B19+C19,"") -> 0 | H19: 5 | I19: =Sheet1!$A$1 -> 1
A20: =DATE(I20,H20,1) -> 518 | B20: =VLOOKUP(A20,'월별 기본데이터 합계'!$A$5:$AD$28,30,0) -> 0 | C20: =VLOOKUP(A20,'월별 기본데이터 합계'!$A$5:$AE$28,31,0) -> 0 | D20: =VLOOKUP(A20,'월별 기본데이터 합계'!$A$5:$AF$28,32,0) -> 0 | E20: =VLOOKUP(A20,'월별 기본데이터 합계'!$A$5:$AG$28,33,0) -> 0 | F20: =IFERROR(B20+C20,"") -> 0 | H20: 6 | I20: =Sheet1!$A$1 -> 1
A21: =DATE(I21,H21,1) -> 548 | B21: =VLOOKUP(A21,'월별 기본데이터 합계'!$A$5:$AD$28,30,0) -> 0 | C21: =VLOOKUP(A21,'월별 기본데이터 합계'!$A$5:$AE$28,31,0) -> 0 | D21: =VLOOKUP(A21,'월별 기본데이터 합계'!$A$5:$AF$28,32,0) -> 0 | E21: =VLOOKUP(A21,'월별 기본데이터 합계'!$A$5:$AG$28,33,0) -> 0 | F21: =IFERROR(B21+C21,"") -> 0 | H21: 7 | I21: =Sheet1!$A$1 -> 1
A22: =DATE(I22,H22,1) -> 579 | B22: =VLOOKUP(A22,'월별 기본데이터 합계'!$A$5:$AD$28,30,0) -> 0 | C22: =VLOOKUP(A22,'월별 기본데이터 합계'!$A$5:$AE$28,31,0) -> 0 | D22: =VLOOKUP(A22,'월별 기본데이터 합계'!$A$5:$AF$28,32,0) -> 0 | E22: =VLOOKUP(A22,'월별 기본데이터 합계'!$A$5:$AG$28,33,0) -> 0 | F22: =IFERROR(B22+C22,"") -> 0 | H22: 8 | I22: =Sheet1!$A$1 -> 1
A23: =DATE(I23,H23,1) -> 610 | B23: =VLOOKUP(A23,'월별 기본데이터 합계'!$A$5:$AD$28,30,0) -> 0 | C23: =VLOOKUP(A23,'월별 기본데이터 합계'!$A$5:$AE$28,31,0) -> 0 | D23: =VLOOKUP(A23,'월별 기본데이터 합계'!$A$5:$AF$28,32,0) -> 0 | E23: =VLOOKUP(A23,'월별 기본데이터 합계'!$A$5:$AG$28,33,0) -> 0 | F23: =IFERROR(B23+C23,"") -> 0 | H23: 9 | I23: =Sheet1!$A$1 -> 1
A24: =DATE(I24,H24,1) -> 640 | B24: =VLOOKUP(A24,'월별 기본데이터 합계'!$A$5:$AD$28,30,0) -> 0 | C24: =VLOOKUP(A24,'월별 기본데이터 합계'!$A$5:$AE$28,31,0) -> 0 | D24: =VLOOKUP(A24,'월별 기본데이터 합계'!$A$5:$AF$28,32,0) -> 0 | E24: =VLOOKUP(A24,'월별 기본데이터 합계'!$A$5:$AG$28,33,0) -> 0 | F24: =IFERROR(B24+C24,"") -> 0 | H24: 10 | I24: =Sheet1!$A$1 -> 1
A25: =DATE(I25,H25,1) -> 671 | B25: =VLOOKUP(A25,'월별 기본데이터 합계'!$A$5:$AD$28,30,0) -> 0 | C25: =VLOOKUP(A25,'월별 기본데이터 합계'!$A$5:$AE$28,31,0) -> 0 | D25: =VLOOKUP(A25,'월별 기본데이터 합계'!$A$5:$AF$28,32,0) -> 0 | E25: =VLOOKUP(A25,'월별 기본데이터 합계'!$A$5:$AG$28,33,0) -> 0 | F25: =IFERROR(B25+C25,"") -> 0 | H25: 11 | I25: =Sheet1!$A$1 -> 1
A26: =DATE(I26,H26,1) -> 701 | B26: =VLOOKUP(A26,'월별 기본데이터 합계'!$A$5:$AD$28,30,0) -> 0 | C26: =VLOOKUP(A26,'월별 기본데이터 합계'!$A$5:$AE$28,31,0) -> 0 | D26: =VLOOKUP(A26,'월별 기본데이터 합계'!$A$5:$AF$28,32,0) -> 0 | E26: =VLOOKUP(A26,'월별 기본데이터 합계'!$A$5:$AG$28,33,0) -> 0 | F26: =IFERROR(B26+C26,"") -> 0 | H26: 12 | I26: =Sheet1!$A$1 -> 1

Sheet 업무월별분석 Phân tích CV theo tháng
A1: 3. Montly working hour rate ( 월간 월 근무 시간 율)
A3: Total | C3: Working hour (근무시간) | I3: Hour rate /Total working hr (총합계시간 대비 비율 (%)) | O3: 1 | P3: Total
A4: 월 Tháng | C4: 총근무 Tổng đi làm | D4: 통상근무 Đi làm bình thường | E4: 잔업 Tăng ca | F4: 특근 Đi làm ngày nghỉ | G4: LOSS | H4: 통상+잔업(평일근무) Bình thường+Tăng ca (Đi làm ngày thường) | I4: 통상근무 Đi làm bình thường | J4: 잔업 Tăng ca | K4: 특근 Ngày nghỉ | L4: LOSS | M4: 통상+잔업(평일근무) Bình thường + tăng ca (làm việc ngày thường)
A5: =DATE(P5,O5,1) -> 1 | B5: =TEXT(O5*29,"mmm")& "-" &P5 -> Jan-0 | C5: =SUM(D5:G5) -> 0 | D5: =SUMIF(Sheet1!F:F,B5,Sheet1!J:J) -> 0 | E5: =SUMIF(Sheet1!F:F,B5,Sheet1!K:K) -> 0 | F5: =SUMIF(Sheet1!F:F,B5,Sheet1!N:N) -> 0 | G5: =SUMIF(Sheet1!F:F,B5,Sheet1!Z:Z) -> 0 | H5: =D5+E5 -> 0 | I5: =IFERROR(D5/C5*100%,"") | J5: =IFERROR(E5/C5*100%,"") | K5: =IFERROR(F5/C5*100%,"") | L5: =IFERROR(G5/C5*100%,"") | M5: =IFERROR(I5+J5,"") | O5: 1 | P5: =Sheet1!$A$1-1 -> 0
A6: =DATE(P6,O6,1) -> 32 | B6: =TEXT(O6*29,"mmm")& "-" &P6 -> Feb-0 | C6: =SUM(D6:G6) -> 0 | D6: =SUMIF(Sheet1!F:F,B6,Sheet1!J:J) -> 0 | E6: =SUMIF(Sheet1!F:F,B6,Sheet1!K:K) -> 0 | F6: =SUMIF(Sheet1!F:F,B6,Sheet1!N:N) -> 0 | G6: =SUMIF(Sheet1!F:F,B6,Sheet1!Z:Z) -> 0 | H6: =D6+E6 -> 0 | I6: =IFERROR(D6/C6*100%,"") | J6: =IFERROR(E6/C6*100%,"") | K6: =IFERROR(F6/C6*100%,"") | L6: =IFERROR(G6/C6*100%,"") | M6: =IFERROR(I6+J6,"") | O6: 2 | P6: =Sheet1!$A$1-1 -> 0
A7: =DATE(P7,O7,1) -> 61 | B7: =TEXT(O7*29,"mmm")& "-" &P7 -> Mar-0 | C7: =SUM(D7:G7) -> 0 | D7: =SUMIF(Sheet1!F:F,B7,Sheet1!J:J) -> 0 | E7: =SUMIF(Sheet1!F:F,B7,Sheet1!K:K) -> 0 | F7: =SUMIF(Sheet1!F:F,B7,Sheet1!N:N) -> 0 | G7: =SUMIF(Sheet1!F:F,B7,Sheet1!Z:Z) -> 0 | H7: =D7+E7 -> 0 | I7: =IFERROR(D7/C7*100%,"") | J7: =IFERROR(E7/C7*100%,"") | K7: =IFERROR(F7/C7*100%,"") | L7: =IFERROR(G7/C7*100%,"") | M7: =IFERROR(I7+J7,"") | O7: 3 | P7: =Sheet1!$A$1-1 -> 0
A8: =DATE(P8,O8,1) -> 92 | B8: =TEXT(O8*29,"mmm")& "-" &P8 -> Apr-0 | C8: =SUM(D8:G8) -> 0 | D8: =SUMIF(Sheet1!F:F,B8,Sheet1!J:J) -> 0 | E8: =SUMIF(Sheet1!F:F,B8,Sheet1!K:K) -> 0 | F8: =SUMIF(Sheet1!F:F,B8,Sheet1!N:N) -> 0 | G8: =SUMIF(Sheet1!F:F,B8,Sheet1!Z:Z) -> 0 | H8: =D8+E8 -> 0 | I8: =IFERROR(D8/C8*100%,"") | J8: =IFERROR(E8/C8*100%,"") | K8: =IFERROR(F8/C8*100%,"") | L8: =IFERROR(G8/C8*100%,"") | M8: =IFERROR(I8+J8,"") | O8: 4 | P8: =Sheet1!$A$1-1 -> 0
A9: =DATE(P9,O9,1) -> 122 | B9: =TEXT(O9*29,"mmm")& "-" &P9 -> May-0 | C9: =SUM(D9:G9) -> 0 | D9: =SUMIF(Sheet1!F:F,B9,Sheet1!J:J) -> 0 | E9: =SUMIF(Sheet1!F:F,B9,Sheet1!K:K) -> 0 | F9: =SUMIF(Sheet1!F:F,B9,Sheet1!N:N) -> 0 | G9: =SUMIF(Sheet1!F:F,B9,Sheet1!Z:Z) -> 0 | H9: =D9+E9 -> 0 | I9: =IFERROR(D9/C9*100%,"") | J9: =IFERROR(E9/C9*100%,"") | K9: =IFERROR(F9/C9*100%,"") | L9: =IFERROR(G9/C9*100%,"") | M9: =IFERROR(I9+J9,"") | O9: 5 | P9: =Sheet1!$A$1-1 -> 0
A10: =DATE(P10,O10,1) -> 153 | B10: =TEXT(O10*29,"mmm")& "-" &P10 -> Jun-0 | C10: =SUM(D10:G10) -> 0 | D10: =SUMIF(Sheet1!F:F,B10,Sheet1!J:J) -> 0 | E10: =SUMIF(Sheet1!F:F,B10,Sheet1!K:K) -> 0 | F10: =SUMIF(Sheet1!F:F,B10,Sheet1!N:N) -> 0 | G10: =SUMIF(Sheet1!F:F,B10,Sheet1!Z:Z) -> 0 | H10: =D10+E10 -> 0 | I10: =IFERROR(D10/C10*100%,"") | J10: =IFERROR(E10/C10*100%,"") | K10: =IFERROR(F10/C10*100%,"") | L10: =IFERROR(G10/C10*100%,"") | M10: =IFERROR(I10+J10,"") | O10: 6 | P10: =Sheet1!$A$1-1 -> 0
A11: =DATE(P11,O11,1) -> 183 | B11: =TEXT(O11*29,"mmm")& "-" &P11 -> Jul-0 | C11: =SUM(D11:G11) -> 0 | D11: =SUMIF(Sheet1!F:F,B11,Sheet1!J:J) -> 0 | E11: =SUMIF(Sheet1!F:F,B11,Sheet1!K:K) -> 0 | F11: =SUMIF(Sheet1!F:F,B11,Sheet1!N:N) -> 0 | G11: =SUMIF(Sheet1!F:F,B11,Sheet1!Z:Z) -> 0 | H11: =D11+E11 -> 0 | I11: =IFERROR(D11/C11*100%,"") | J11: =IFERROR(E11/C11*100%,"") | K11: =IFERROR(F11/C11*100%,"") | L11: =IFERROR(G11/C11*100%,"") | M11: =IFERROR(I11+J11,"") | O11: 7 | P11: =Sheet1!$A$1-1 -> 0
A12: =DATE(P12,O12,1) -> 214 | B12: =TEXT(O12*29,"mmm")& "-" &P12 -> Aug-0 | C12: =SUM(D12:G12) -> 0 | D12: =SUMIF(Sheet1!F:F,B12,Sheet1!J:J) -> 0 | E12: =SUMIF(Sheet1!F:F,B12,Sheet1!K:K) -> 0 | F12: =SUMIF(Sheet1!F:F,B12,Sheet1!N:N) -> 0 | G12: =SUMIF(Sheet1!F:F,B12,Sheet1!Z:Z) -> 0 | H12: =D12+E12 -> 0 | I12: =IFERROR(D12/C12*100%,"") | J12: =IFERROR(E12/C12*100%,"") | K12: =IFERROR(F12/C12*100%,"") | L12: =IFERROR(G12/C12*100%,"") | M12: =IFERROR(I12+J12,"") | O12: 8 | P12: =Sheet1!$A$1-1 -> 0
A13: =DATE(P13,O13,1) -> 245 | B13: =TEXT(O13*29,"mmm")& "-" &P13 -> Sep-0 | C13: =SUM(D13:G13) -> 0 | D13: =SUMIF(Sheet1!F:F,B13,Sheet1!J:J) -> 0 | E13: =SUMIF(Sheet1!F:F,B13,Sheet1!K:K) -> 0 | F13: =SUMIF(Sheet1!F:F,B13,Sheet1!N:N) -> 0 | G13: =SUMIF(Sheet1!F:F,B13,Sheet1!Z:Z) -> 0 | H13: =D13+E13 -> 0 | I13: =IFERROR(D13/C13*100%,"") | J13: =IFERROR(E13/C13*100%,"") | K13: =IFERROR(F13/C13*100%,"") | L13: =IFERROR(G13/C13*100%,"") | M13: =IFERROR(I13+J13,"") | O13: 9 | P13: =Sheet1!$A$1-1 -> 0
A14: =DATE(P14,O14,1) -> 275 | B14: =TEXT(O14*29,"mmm")& "-" &P14 -> Oct-0 | C14: =SUM(D14:G14) -> 0 | D14: =SUMIF(Sheet1!F:F,B14,Sheet1!J:J) -> 0 | E14: =SUMIF(Sheet1!F:F,B14,Sheet1!K:K) -> 0 | F14: =SUMIF(Sheet1!F:F,B14,Sheet1!N:N) -> 0 | G14: =SUMIF(Sheet1!F:F,B14,Sheet1!Z:Z) -> 0 | H14: =D14+E14 -> 0 | I14: =IFERROR(D14/C14*100%,"") | J14: =IFERROR(E14/C14*100%,"") | K14: =IFERROR(F14/C14*100%,"") | L14: =IFERROR(G14/C14*100%,"") | M14: =IFERROR(I14+J14,"") | O14: 10 | P14: =Sheet1!$A$1-1 -> 0
A15: =DATE(P15,O15,1) -> 306 | B15: =TEXT(O15*29,"mmm")& "-" &P15 -> Nov-0 | C15: =SUM(D15:G15) -> 0 | D15: =SUMIF(Sheet1!F:F,B15,Sheet1!J:J) -> 0 | E15: =SUMIF(Sheet1!F:F,B15,Sheet1!K:K) -> 0 | F15: =SUMIF(Sheet1!F:F,B15,Sheet1!N:N) -> 0 | G15: =SUMIF(Sheet1!F:F,B15,Sheet1!Z:Z) -> 0 | H15: =D15+E15 -> 0 | I15: =IFERROR(D15/C15*100%,"") | J15: =IFERROR(E15/C15*100%,"") | K15: =IFERROR(F15/C15*100%,"") | L15: =IFERROR(G15/C15*100%,"") | M15: =IFERROR(I15+J15,"") | O15: 11 | P15: =Sheet1!$A$1-1 -> 0
A16: =DATE(P16,O16,1) -> 336 | B16: =TEXT(O16*29,"mmm")& "-" &P16 -> Dec-0 | C16: =SUM(D16:G16) -> 0 | D16: =SUMIF(Sheet1!F:F,B16,Sheet1!J:J) -> 0 | E16: =SUMIF(Sheet1!F:F,B16,Sheet1!K:K) -> 0 | F16: =SUMIF(Sheet1!F:F,B16,Sheet1!N:N) -> 0 | G16: =SUMIF(Sheet1!F:F,B16,Sheet1!Z:Z) -> 0 | H16: =D16+E16 -> 0 | I16: =IFERROR(D16/C16*100%,"") | J16: =IFERROR(E16/C16*100%,"") | K16: =IFERROR(F16/C16*100%,"") | L16: =IFERROR(G16/C16*100%,"") | M16: =IFERROR(I16+J16,"") | O16: 12 | P16: =Sheet1!$A$1-1 -> 0
A17: =DATE(P17,O17,1) -> 367 | B17: =TEXT(O17*29,"mmm")& "-" &P17 -> Jan-1 | C17: =SUM(D17:G17) -> 0 | D17: =SUMIF(Sheet1!F:F,B17,Sheet1!J:J) -> 0 | E17: =SUMIF(Sheet1!F:F,B17,Sheet1!K:K) -> 0 | F17: =SUMIF(Sheet1!F:F,B17,Sheet1!N:N) -> 0 | G17: =SUMIF(Sheet1!F:F,B17,Sheet1!Z:Z) -> 0 | H17: =D17+E17 -> 0 | I17: =IFERROR(D17/C17*100%,"") | J17: =IFERROR(E17/C17*100%,"") | K17: =IFERROR(F17/C17*100%,"") | L17: =IFERROR(G17/C17*100%,"") | M17: =IFERROR(I17+J17,"") | O17: 1 | P17: =Sheet1!$A$1 -> 1
A18: =DATE(P18,O18,1) -> 398 | B18: =TEXT(O18*29,"mmm")& "-" &P18 -> Feb-1 | C18: =SUM(D18:G18) -> 0 | D18: =SUMIF(Sheet1!F:F,B18,Sheet1!J:J) -> 0 | E18: =SUMIF(Sheet1!F:F,B18,Sheet1!K:K) -> 0 | F18: =SUMIF(Sheet1!F:F,B18,Sheet1!N:N) -> 0 | G18: =SUMIF(Sheet1!F:F,B18,Sheet1!Z:Z) -> 0 | H18: =D18+E18 -> 0 | I18: =IFERROR(D18/C18*100%,"") | J18: =IFERROR(E18/C18*100%,"") | K18: =IFERROR(F18/C18*100%,"") | L18: =IFERROR(G18/C18*100%,"") | M18: =IFERROR(I18+J18,"") | O18: 2 | P18: =Sheet1!$A$1 -> 1
A19: =DATE(P19,O19,1) -> 426 | B19: =TEXT(O19*29,"mmm")& "-" &P19 -> Mar-1 | C19: =SUM(D19:G19) -> 0 | D19: =SUMIF(Sheet1!F:F,B19,Sheet1!J:J) -> 0 | E19: =SUMIF(Sheet1!F:F,B19,Sheet1!K:K) -> 0 | F19: =SUMIF(Sheet1!F:F,B19,Sheet1!N:N) -> 0 | G19: =SUMIF(Sheet1!F:F,B19,Sheet1!Z:Z) -> 0 | H19: =D19+E19 -> 0 | I19: =IFERROR(D19/C19*100%,"") | J19: =IFERROR(E19/C19*100%,"") | K19: =IFERROR(F19/C19*100%,"") | L19: =IFERROR(G19/C19*100%,"") | M19: =IFERROR(I19+J19,"") | O19: 3 | P19: =Sheet1!$A$1 -> 1
A20: =DATE(P20,O20,1) -> 457 | B20: =TEXT(O20*29,"mmm")& "-" &P20 -> Apr-1 | C20: =SUM(D20:G20) -> 0 | D20: =SUMIF(Sheet1!F:F,B20,Sheet1!J:J) -> 0 | E20: =SUMIF(Sheet1!F:F,B20,Sheet1!K:K) -> 0 | F20: =SUMIF(Sheet1!F:F,B20,Sheet1!N:N) -> 0 | G20: =SUMIF(Sheet1!F:F,B20,Sheet1!Z:Z) -> 0 | H20: =D20+E20 -> 0 | I20: =IFERROR(D20/C20*100%,"") | J20: =IFERROR(E20/C20*100%,"") | K20: =IFERROR(F20/C20*100%,"") | L20: =IFERROR(G20/C20*100%,"") | M20: =IFERROR(I20+J20,"") | O20: 4 | P20: =Sheet1!$A$1 -> 1
A21: =DATE(P21,O21,1) -> 487 | B21: =TEXT(O21*29,"mmm")& "-" &P21 -> May-1 | C21: =SUM(D21:G21) -> 0 | D21: =SUMIF(Sheet1!F:F,B21,Sheet1!J:J) -> 0 | E21: =SUMIF(Sheet1!F:F,B21,Sheet1!K:K) -> 0 | F21: =SUMIF(Sheet1!F:F,B21,Sheet1!N:N) -> 0 | G21: =SUMIF(Sheet1!F:F,B21,Sheet1!Z:Z) -> 0 | H21: =D21+E21 -> 0 | I21: =IFERROR(D21/C21*100%,"") | J21: =IFERROR(E21/C21*100%,"") | K21: =IFERROR(F21/C21*100%,"") | L21: =IFERROR(G21/C21*100%,"") | M21: =IFERROR(I21+J21,"") | O21: 5 | P21: =Sheet1!$A$1 -> 1
A22: =DATE(P22,O22,1) -> 518 | B22: =TEXT(O22*29,"mmm")& "-" &P22 -> Jun-1 | C22: =SUM(D22:G22) -> 0 | D22: =SUMIF(Sheet1!F:F,B22,Sheet1!J:J) -> 0 | E22: =SUMIF(Sheet1!F:F,B22,Sheet1!K:K) -> 0 | F22: =SUMIF(Sheet1!F:F,B22,Sheet1!N:N) -> 0 | G22: =SUMIF(Sheet1!F:F,B22,Sheet1!Z:Z) -> 0 | H22: =D22+E22 -> 0 | I22: =IFERROR(D22/C22*100%,"") | J22: =IFERROR(E22/C22*100%,"") | K22: =IFERROR(F22/C22*100%,"") | L22: =IFERROR(G22/C22*100%,"") | M22: =IFERROR(I22+J22,"") | O22: 6 | P22: =Sheet1!$A$1 -> 1
A23: =DATE(P23,O23,1) -> 548 | B23: =TEXT(O23*29,"mmm")& "-" &P23 -> Jul-1 | C23: =SUM(D23:G23) -> 0 | D23: =SUMIF(Sheet1!F:F,B23,Sheet1!J:J) -> 0 | E23: =SUMIF(Sheet1!F:F,B23,Sheet1!K:K) -> 0 | F23: =SUMIF(Sheet1!F:F,B23,Sheet1!N:N) -> 0 | G23: =SUMIF(Sheet1!F:F,B23,Sheet1!Z:Z) -> 0 | H23: =D23+E23 -> 0 | I23: =IFERROR(D23/C23*100%,"") | J23: =IFERROR(E23/C23*100%,"") | K23: =IFERROR(F23/C23*100%,"") | L23: =IFERROR(G23/C23*100%,"") | M23: =IFERROR(I23+J23,"") | O23: 7 | P23: =Sheet1!$A$1 -> 1
A24: =DATE(P24,O24,1) -> 579 | B24: =TEXT(O24*29,"mmm")& "-" &P24 -> Aug-1 | C24: =SUM(D24:G24) -> 0 | D24: =SUMIF(Sheet1!F:F,B24,Sheet1!J:J) -> 0 | E24: =SUMIF(Sheet1!F:F,B24,Sheet1!K:K) -> 0 | F24: =SUMIF(Sheet1!F:F,B24,Sheet1!N:N) -> 0 | G24: =SUMIF(Sheet1!F:F,B24,Sheet1!Z:Z) -> 0 | H24: =D24+E24 -> 0 | I24: =IFERROR(D24/C24*100%,"") | J24: =IFERROR(E24/C24*100%,"") | K24: =IFERROR(F24/C24*100%,"") | L24: =IFERROR(G24/C24*100%,"") | M24: =IFERROR(I24+J24,"") | O24: 8 | P24: =Sheet1!$A$1 -> 1
A25: =DATE(P25,O25,1) -> 610 | B25: =TEXT(O25*29,"mmm")& "-" &P25 -> Sep-1 | C25: =SUM(D25:G25) -> 0 | D25: =SUMIF(Sheet1!F:F,B25,Sheet1!J:J) -> 0 | E25: =SUMIF(Sheet1!F:F,B25,Sheet1!K:K) -> 0 | F25: =SUMIF(Sheet1!F:F,B25,Sheet1!N:N) -> 0 | G25: =SUMIF(Sheet1!F:F,B25,Sheet1!Z:Z) -> 0 | H25: =D25+E25 -> 0 | I25: =IFERROR(D25/C25*100%,"") | J25: =IFERROR(E25/C25*100%,"") | K25: =IFERROR(F25/C25*100%,"") | L25: =IFERROR(G25/C25*100%,"") | M25: =IFERROR(I25+J25,"") | O25: 9 | P25: =Sheet1!$A$1 -> 1
A26: =DATE(P26,O26,1) -> 640 | B26: =TEXT(O26*29,"mmm")& "-" &P26 -> Oct-1 | C26: =SUM(D26:G26) -> 0 | D26: =SUMIF(Sheet1!F:F,B26,Sheet1!J:J) -> 0 | E26: =SUMIF(Sheet1!F:F,B26,Sheet1!K:K) -> 0 | F26: =SUMIF(Sheet1!F:F,B26,Sheet1!N:N) -> 0 | G26: =SUMIF(Sheet1!F:F,B26,Sheet1!Z:Z) -> 0 | H26: =D26+E26 -> 0 | I26: =IFERROR(D26/C26*100%,"") | J26: =IFERROR(E26/C26*100%,"") | K26: =IFERROR(F26/C26*100%,"") | L26: =IFERROR(G26/C26*100%,"") | M26: =IFERROR(I26+J26,"") | O26: 10 | P26: =Sheet1!$A$1 -> 1
A27: =DATE(P27,O27,1) -> 671 | B27: =TEXT(O27*29,"mmm")& "-" &P27 -> Nov-1 | C27: =SUM(D27:G27) -> 0 | D27: =SUMIF(Sheet1!F:F,B27,Sheet1!J:J) -> 0 | E27: =SUMIF(Sheet1!F:F,B27,Sheet1!K:K) -> 0 | F27: =SUMIF(Sheet1!F:F,B27,Sheet1!N:N) -> 0 | G27: =SUMIF(Sheet1!F:F,B27,Sheet1!Z:Z) -> 0 | H27: =D27+E27 -> 0 | I27: =IFERROR(D27/C27*100%,"") | J27: =IFERROR(E27/C27*100%,"") | K27: =IFERROR(F27/C27*100%,"") | L27: =IFERROR(G27/C27*100%,"") | M27: =IFERROR(I27+J27,"") | O27: 11 | P27: =Sheet1!$A$1 -> 1
A28: =DATE(P28,O28,1) -> 701 | B28: =TEXT(O28*29,"mmm")& "-" &P28 -> Dec-1 | C28: =SUM(D28:G28) -> 0 | D28: =SUMIF(Sheet1!F:F,B28,Sheet1!J:J) -> 0 | E28: =SUMIF(Sheet1!F:F,B28,Sheet1!K:K) -> 0 | F28: =SUMIF(Sheet1!F:F,B28,Sheet1!N:N) -> 0 | G28: =SUMIF(Sheet1!F:F,B28,Sheet1!Z:Z) -> 0 | H28: =D28+E28 -> 0 | I28: =IFERROR(D28/C28*100%,"") | J28: =IFERROR(E28/C28*100%,"") | K28: =IFERROR(F28/C28*100%,"") | L28: =IFERROR(G28/C28*100%,"") | M28: =IFERROR(I28+J28,"") | O28: 12 | P28: =Sheet1!$A$1 -> 1
A53: General Admistration | C53: Working hour (근무시간) | I53: Hour rate /Total working hr (총합계시간 대비 비율 (%)) | O53: 2 | P53: GA
A54: 월 Tháng | C54: 총근무 Tổng đi làm | D54: 통상근무 Đi làm bình thường | E54: 잔업 Tăng ca | F54: 특근 Đi làm ngày nghỉ | G54: LOSS | H54: 통상+잔업(평일근무) Bình thường+Tăng ca (Đi làm ngày thường) | I54: 통상근무 Đi làm bình thường | J54: 잔업 Tăng ca | K54: 특근 Ngày nghỉ | L54: LOSS | M54: 통상+잔업(평일근무) Bình thường + tăng ca (làm việc ngày thường)
A55: =DATE(P55,O55,1) -> 1 | B55: =TEXT(O55*29,"mmm")&"-" & P55&"-"&$P$53 -> Jan-0-GA | C55: =SUM(D55:G55) -> 0 | D55: =IFERROR(VLOOKUP(B55,Sheet1!$G$7:$J$4000,4,0),0) -> 0 | E55: =IFERROR(VLOOKUP(B55,Sheet1!$G$7:$K$4000,5,0),0) -> 0 | F55: =IFERROR(VLOOKUP(B55,Sheet1!$G$7:$N$4000,8,0),0) -> 0 | G55: =IFERROR(VLOOKUP(B55,Sheet1!$G$7:$Q$4000,11,0),0) -> 0 | H55: =IFERROR(D55+E55,0) -> 0 | I55: =IFERROR(D55/C55*100%,"") | J55: =IFERROR(E55/C55*100%,"") | K55: =IFERROR(F55/C55*100%,"") | L55: =IFERROR(G55/C55*100%,"") | M55: =IFERROR(I55+J55,"") | O55: 1 | P55: =Sheet1!$A$1-1 -> 0
A56: =DATE(P56,O56,1) -> 32 | B56: =TEXT(O56*29,"mmm")&"-" & P56&"-"&$P$53 -> Feb-0-GA | C56: =SUM(D56:G56) -> 0 | D56: =IFERROR(VLOOKUP(B56,Sheet1!$G$7:$J$4000,4,0),0) -> 0 | E56: =IFERROR(VLOOKUP(B56,Sheet1!$G$7:$K$4000,5,0),0) -> 0 | F56: =IFERROR(VLOOKUP(B56,Sheet1!$G$7:$N$4000,8,0),0) -> 0 | G56: =IFERROR(VLOOKUP(B56,Sheet1!$G$7:$Q$4000,11,0),0) -> 0 | H56: =IFERROR(D56+E56,0) -> 0 | I56: =IFERROR(D56/C56*100%,"") | J56: =IFERROR(E56/C56*100%,"") | K56: =IFERROR(F56/C56*100%,"") | L56: =IFERROR(G56/C56*100%,"") | M56: =IFERROR(I56+J56,"") | O56: 2 | P56: =Sheet1!$A$1-1 -> 0
A57: =DATE(P57,O57,1) -> 61 | B57: =TEXT(O57*29,"mmm")&"-" & P57&"-"&$P$53 -> Mar-0-GA | C57: =SUM(D57:G57) -> 0 | D57: =IFERROR(VLOOKUP(B57,Sheet1!$G$7:$J$4000,4,0),0) -> 0 | E57: =IFERROR(VLOOKUP(B57,Sheet1!$G$7:$K$4000,5,0),0) -> 0 | F57: =IFERROR(VLOOKUP(B57,Sheet1!$G$7:$N$4000,8,0),0) -> 0 | G57: =IFERROR(VLOOKUP(B57,Sheet1!$G$7:$Q$4000,11,0),0) -> 0 | H57: =IFERROR(D57+E57,0) -> 0 | I57: =IFERROR(D57/C57*100%,"") | J57: =IFERROR(E57/C57*100%,"") | K57: =IFERROR(F57/C57*100%,"") | L57: =IFERROR(G57/C57*100%,"") | M57: =IFERROR(I57+J57,"") | O57: 3 | P57: =Sheet1!$A$1-1 -> 0
A58: =DATE(P58,O58,1) -> 92 | B58: =TEXT(O58*29,"mmm")&"-" & P58&"-"&$P$53 -> Apr-0-GA | C58: =SUM(D58:G58) -> 0 | D58: =IFERROR(VLOOKUP(B58,Sheet1!$G$7:$J$4000,4,0),0) -> 0 | E58: =IFERROR(VLOOKUP(B58,Sheet1!$G$7:$K$4000,5,0),0) -> 0 | F58: =IFERROR(VLOOKUP(B58,Sheet1!$G$7:$N$4000,8,0),0) -> 0 | G58: =IFERROR(VLOOKUP(B58,Sheet1!$G$7:$Q$4000,11,0),0) -> 0 | H58: =IFERROR(D58+E58,0) -> 0 | I58: =IFERROR(D58/C58*100%,"") | J58: =IFERROR(E58/C58*100%,"") | K58: =IFERROR(F58/C58*100%,"") | L58: =IFERROR(G58/C58*100%,"") | M58: =IFERROR(I58+J58,"") | O58: 4 | P58: =Sheet1!$A$1-1 -> 0
A59: =DATE(P59,O59,1) -> 122 | B59: =TEXT(O59*29,"mmm")&"-" & P59&"-"&$P$53 -> May-0-GA | C59: =SUM(D59:G59) -> 0 | D59: =IFERROR(VLOOKUP(B59,Sheet1!$G$7:$J$4000,4,0),0) -> 0 | E59: =IFERROR(VLOOKUP(B59,Sheet1!$G$7:$K$4000,5,0),0) -> 0 | F59: =IFERROR(VLOOKUP(B59,Sheet1!$G$7:$N$4000,8,0),0) -> 0 | G59: =IFERROR(VLOOKUP(B59,Sheet1!$G$7:$Q$4000,11,0),0) -> 0 | H59: =IFERROR(D59+E59,0) -> 0 | I59: =IFERROR(D59/C59*100%,"") | J59: =IFERROR(E59/C59*100%,"") | K59: =IFERROR(F59/C59*100%,"") | L59: =IFERROR(G59/C59*100%,"") | M59: =IFERROR(I59+J59,"") | O59: 5 | P59: =Sheet1!$A$1-1 -> 0
A60: =DATE(P60,O60,1) -> 153 | B60: =TEXT(O60*29,"mmm")&"-" & P60&"-"&$P$53 -> Jun-0-GA | C60: =SUM(D60:G60) -> 0 | D60: =IFERROR(VLOOKUP(B60,Sheet1!$G$7:$J$4000,4,0),0) -> 0 | E60: =IFERROR(VLOOKUP(B60,Sheet1!$G$7:$K$4000,5,0),0) -> 0 | F60: =IFERROR(VLOOKUP(B60,Sheet1!$G$7:$N$4000,8,0),0) -> 0 | G60: =IFERROR(VLOOKUP(B60,Sheet1!$G$7:$Q$4000,11,0),0) -> 0 | H60: =IFERROR(D60+E60,0) -> 0 | I60: =IFERROR(D60/C60*100%,"") | J60: =IFERROR(E60/C60*100%,"") | K60: =IFERROR(F60/C60*100%,"") | L60: =IFERROR(G60/C60*100%,"") | M60: =IFERROR(I60+J60,"") | O60: 6 | P60: =Sheet1!$A$1-1 -> 0
A61: =DATE(P61,O61,1) -> 183 | B61: =TEXT(O61*29,"mmm")&"-" & P61&"-"&$P$53 -> Jul-0-GA | C61: =SUM(D61:G61) -> 0 | D61: =IFERROR(VLOOKUP(B61,Sheet1!$G$7:$J$4000,4,0),0) -> 0 | E61: =IFERROR(VLOOKUP(B61,Sheet1!$G$7:$K$4000,5,0),0) -> 0 | F61: =IFERROR(VLOOKUP(B61,Sheet1!$G$7:$N$4000,8,0),0) -> 0 | G61: =IFERROR(VLOOKUP(B61,Sheet1!$G$7:$Q$4000,11,0),0) -> 0 | H61: =IFERROR(D61+E61,0) -> 0 | I61: =IFERROR(D61/C61*100%,"") | J61: =IFERROR(E61/C61*100%,"") | K61: =IFERROR(F61/C61*100%,"") | L61: =IFERROR(G61/C61*100%,"") | M61: =IFERROR(I61+J61,"") | O61: 7 | P61: =Sheet1!$A$1-1 -> 0
A62: =DATE(P62,O62,1) -> 214 | B62: =TEXT(O62*29,"mmm")&"-" & P62&"-"&$P$53 -> Aug-0-GA | C62: =SUM(D62:G62) -> 0 | D62: =IFERROR(VLOOKUP(B62,Sheet1!$G$7:$J$4000,4,0),0) -> 0 | E62: =IFERROR(VLOOKUP(B62,Sheet1!$G$7:$K$4000,5,0),0) -> 0 | F62: =IFERROR(VLOOKUP(B62,Sheet1!$G$7:$N$4000,8,0),0) -> 0 | G62: =IFERROR(VLOOKUP(B62,Sheet1!$G$7:$Q$4000,11,0),0) -> 0 | H62: =IFERROR(D62+E62,0) -> 0 | I62: =IFERROR(D62/C62*100%,"") | J62: =IFERROR(E62/C62*100%,"") | K62: =IFERROR(F62/C62*100%,"") | L62: =IFERROR(G62/C62*100%,"") | M62: =IFERROR(I62+J62,"") | O62: 8 | P62: =Sheet1!$A$1-1 -> 0
A63: =DATE(P63,O63,1) -> 245 | B63: =TEXT(O63*29,"mmm")&"-" & P63&"-"&$P$53 -> Sep-0-GA | C63: =SUM(D63:G63) -> 0 | D63: =IFERROR(VLOOKUP(B63,Sheet1!$G$7:$J$4000,4,0),0) -> 0 | E63: =IFERROR(VLOOKUP(B63,Sheet1!$G$7:$K$4000,5,0),0) -> 0 | F63: =IFERROR(VLOOKUP(B63,Sheet1!$G$7:$N$4000,8,0),0) -> 0 | G63: =IFERROR(VLOOKUP(B63,Sheet1!$G$7:$Q$4000,11,0),0) -> 0 | H63: =IFERROR(D63+E63,0) -> 0 | I63: =IFERROR(D63/C63*100%,"") | J63: =IFERROR(E63/C63*100%,"") | K63: =IFERROR(F63/C63*100%,"") | L63: =IFERROR(G63/C63*100%,"") | M63: =IFERROR(I63+J63,"") | O63: 9 | P63: =Sheet1!$A$1-1 -> 0
A64: =DATE(P64,O64,1) -> 275 | B64: =TEXT(O64*29,"mmm")&"-" & P64&"-"&$P$53 -> Oct-0-GA | C64: =SUM(D64:G64) -> 0 | D64: =IFERROR(VLOOKUP(B64,Sheet1!$G$7:$J$4000,4,0),0) -> 0 | E64: =IFERROR(VLOOKUP(B64,Sheet1!$G$7:$K$4000,5,0),0) -> 0 | F64: =IFERROR(VLOOKUP(B64,Sheet1!$G$7:$N$4000,8,0),0) -> 0 | G64: =IFERROR(VLOOKUP(B64,Sheet1!$G$7:$Q$4000,11,0),0) -> 0 | H64: =IFERROR(D64+E64,0) -> 0 | I64: =IFERROR(D64/C64*100%,"") | J64: =IFERROR(E64/C64*100%,"") | K64: =IFERROR(F64/C64*100%,"") | L64: =IFERROR(G64/C64*100%,"") | M64: =IFERROR(I64+J64,"") | O64: 10 | P64: =Sheet1!$A$1-1 -> 0
A65: =DATE(P65,O65,1) -> 306 | B65: =TEXT(O65*29,"mmm")&"-" & P65&"-"&$P$53 -> Nov-0-GA | C65: =SUM(D65:G65) -> 0 | D65: =IFERROR(VLOOKUP(B65,Sheet1!$G$7:$J$4000,4,0),0) -> 0 | E65: =IFERROR(VLOOKUP(B65,Sheet1!$G$7:$K$4000,5,0),0) -> 0 | F65: =IFERROR(VLOOKUP(B65,Sheet1!$G$7:$N$4000,8,0),0) -> 0 | G65: =IFERROR(VLOOKUP(B65,Sheet1!$G$7:$Q$4000,11,0),0) -> 0 | H65: =IFERROR(D65+E65,0) -> 0 | I65: =IFERROR(D65/C65*100%,"") | J65: =IFERROR(E65/C65*100%,"") | K65: =IFERROR(F65/C65*100%,"") | L65: =IFERROR(G65/C65*100%,"") | M65: =IFERROR(I65+J65,"") | O65: 11 | P65: =Sheet1!$A$1-1 -> 0
A66: =DATE(P66,O66,1) -> 336 | B66: =TEXT(O66*29,"mmm")&"-" & P66&"-"&$P$53 -> Dec-0-GA | C66: =SUM(D66:G66) -> 0 | D66: =IFERROR(VLOOKUP(B66,Sheet1!$G$7:$J$4000,4,0),0) -> 0 | E66: =IFERROR(VLOOKUP(B66,Sheet1!$G$7:$K$4000,5,0),0) -> 0 | F66: =IFERROR(VLOOKUP(B66,Sheet1!$G$7:$N$4000,8,0),0) -> 0 | G66: =IFERROR(VLOOKUP(B66,Sheet1!$G$7:$Q$4000,11,0),0) -> 0 | H66: =IFERROR(D66+E66,0) -> 0 | I66: =IFERROR(D66/C66*100%,"") | J66: =IFERROR(E66/C66*100%,"") | K66: =IFERROR(F66/C66*100%,"") | L66: =IFERROR(G66/C66*100%,"") | M66: =IFERROR(I66+J66,"") | O66: 12 | P66: =Sheet1!$A$1-1 -> 0
A67: =DATE(P67,O67,1) -> 367 | B67: =TEXT(O67*29,"mmm")&"-" & P67&"-"&$P$53 -> Jan-1-GA | C67: =SUM(D67:G67) -> 0 | D67: =IFERROR(VLOOKUP(B67,Sheet1!$G$7:$J$4000,4,0),0) -> 0 | E67: =IFERROR(VLOOKUP(B67,Sheet1!$G$7:$K$4000,5,0),0) -> 0 | F67: =IFERROR(VLOOKUP(B67,Sheet1!$G$7:$N$4000,8,0),0) -> 0 | G67: =IFERROR(VLOOKUP(B67,Sheet1!$G$7:$Q$4000,11,0),0) -> 0 | H67: =IFERROR(D67+E67,0) -> 0 | I67: =IFERROR(D67/C67*100%,"") | J67: =IFERROR(E67/C67*100%,"") | K67: =IFERROR(F67/C67*100%,"") | L67: =IFERROR(G67/C67*100%,"") | M67: =IFERROR(I67+J67,"") | O67: 1 | P67: =Sheet1!$A$1 -> 1
A68: =DATE(P68,O68,1) -> 398 | B68: =TEXT(O68*29,"mmm")&"-" & P68&"-"&$P$53 -> Feb-1-GA | C68: =SUM(D68:G68) -> 0 | D68: =IFERROR(VLOOKUP(B68,Sheet1!$G$7:$J$4000,4,0),0) -> 0 | E68: =IFERROR(VLOOKUP(B68,Sheet1!$G$7:$K$4000,5,0),0) -> 0 | F68: =IFERROR(VLOOKUP(B68,Sheet1!$G$7:$N$4000,8,0),0) -> 0 | G68: =IFERROR(VLOOKUP(B68,Sheet1!$G$7:$Q$4000,11,0),0) -> 0 | H68: =IFERROR(D68+E68,0) -> 0 | I68: =IFERROR(D68/C68*100%,"") | J68: =IFERROR(E68/C68*100%,"") | K68: =IFERROR(F68/C68*100%,"") | L68: =IFERROR(G68/C68*100%,"") | M68: =IFERROR(I68+J68,"") | O68: 2 | P68: =Sheet1!$A$1 -> 1
A69: =DATE(P69,O69,1) -> 426 | B69: =TEXT(O69*29,"mmm")&"-" & P69&"-"&$P$53 -> Mar-1-GA | C69: =SUM(D69:G69) -> 0 | D69: =IFERROR(VLOOKUP(B69,Sheet1!$G$7:$J$4000,4,0),0) -> 0 | E69: =IFERROR(VLOOKUP(B69,Sheet1!$G$7:$K$4000,5,0),0) -> 0 | F69: =IFERROR(VLOOKUP(B69,Sheet1!$G$7:$N$4000,8,0),0) -> 0 | G69: =IFERROR(VLOOKUP(B69,Sheet1!$G$7:$Q$4000,11,0),0) -> 0 | H69: =IFERROR(D69+E69,0) -> 0 | I69: =IFERROR(D69/C69*100%,"") | J69: =IFERROR(E69/C69*100%,"") | K69: =IFERROR(F69/C69*100%,"") | L69: =IFERROR(G69/C69*100%,"") | M69: =IFERROR(I69+J69,"") | O69: 3 | P69: =Sheet1!$A$1 -> 1
A70: =DATE(P70,O70,1) -> 457 | B70: =TEXT(O70*29,"mmm")&"-" & P70&"-"&$P$53 -> Apr-1-GA | C70: =SUM(D70:G70) -> 0 | D70: =IFERROR(VLOOKUP(B70,Sheet1!$G$7:$J$4000,4,0),0) -> 0 | E70: =IFERROR(VLOOKUP(B70,Sheet1!$G$7:$K$4000,5,0),0) -> 0 | F70: =IFERROR(VLOOKUP(B70,Sheet1!$G$7:$N$4000,8,0),0) -> 0 | G70: =IFERROR(VLOOKUP(B70,Sheet1!$G$7:$Q$4000,11,0),0) -> 0 | H70: =IFERROR(D70+E70,0) -> 0 | I70: =IFERROR(D70/C70*100%,"") | J70: =IFERROR(E70/C70*100%,"") | K70: =IFERROR(F70/C70*100%,"") | L70: =IFERROR(G70/C70*100%,"") | M70: =IFERROR(I70+J70,"") | O70: 4 | P70: =Sheet1!$A$1 -> 1
A71: =DATE(P71,O71,1) -> 487 | B71: =TEXT(O71*29,"mmm")&"-" & P71&"-"&$P$53 -> May-1-GA | C71: =SUM(D71:G71) -> 0 | D71: =IFERROR(VLOOKUP(B71,Sheet1!$G$7:$J$4000,4,0),0) -> 0 | E71: =IFERROR(VLOOKUP(B71,Sheet1!$G$7:$K$4000,5,0),0) -> 0 | F71: =IFERROR(VLOOKUP(B71,Sheet1!$G$7:$N$4000,8,0),0) -> 0 | G71: =IFERROR(VLOOKUP(B71,Sheet1!$G$7:$Q$4000,11,0),0) -> 0 | H71: =IFERROR(D71+E71,0) -> 0 | I71: =IFERROR(D71/C71*100%,"") | J71: =IFERROR(E71/C71*100%,"") | K71: =IFERROR(F71/C71*100%,"") | L71: =IFERROR(G71/C71*100%,"") | M71: =IFERROR(I71+J71,"") | O71: 5 | P71: =Sheet1!$A$1 -> 1
A72: =DATE(P72,O72,1) -> 518 | B72: =TEXT(O72*29,"mmm")&"-" & P72&"-"&$P$53 -> Jun-1-GA | C72: =SUM(D72:G72) -> 0 | D72: =IFERROR(VLOOKUP(B72,Sheet1!$G$7:$J$4000,4,0),0) -> 0 | E72: =IFERROR(VLOOKUP(B72,Sheet1!$G$7:$K$4000,5,0),0) -> 0 | F72: =IFERROR(VLOOKUP(B72,Sheet1!$G$7:$N$4000,8,0),0) -> 0 | G72: =IFERROR(VLOOKUP(B72,Sheet1!$G$7:$Q$4000,11,0),0) -> 0 | H72: =IFERROR(D72+E72,0) -> 0 | I72: =IFERROR(D72/C72*100%,"") | J72: =IFERROR(E72/C72*100%,"") | K72: =IFERROR(F72/C72*100%,"") | L72: =IFERROR(G72/C72*100%,"") | M72: =IFERROR(I72+J72,"") | O72: 6 | P72: =Sheet1!$A$1 -> 1
A73: =DATE(P73,O73,1) -> 548 | B73: =TEXT(O73*29,"mmm")&"-" & P73&"-"&$P$53 -> Jul-1-GA | C73: =SUM(D73:G73) -> 0 | D73: =IFERROR(VLOOKUP(B73,Sheet1!$G$7:$J$4000,4,0),0) -> 0 | E73: =IFERROR(VLOOKUP(B73,Sheet1!$G$7:$K$4000,5,0),0) -> 0 | F73: =IFERROR(VLOOKUP(B73,Sheet1!$G$7:$N$4000,8,0),0) -> 0 | G73: =IFERROR(VLOOKUP(B73,Sheet1!$G$7:$Q$4000,11,0),0) -> 0 | H73: =IFERROR(D73+E73,0) -> 0 | I73: =IFERROR(D73/C73*100%,"") | J73: =IFERROR(E73/C73*100%,"") | K73: =IFERROR(F73/C73*100%,"") | L73: =IFERROR(G73/C73*100%,"") | M73: =IFERROR(I73+J73,"") | O73: 7 | P73: =Sheet1!$A$1 -> 1
A74: =DATE(P74,O74,1) -> 579 | B74: =TEXT(O74*29,"mmm")&"-" & P74&"-"&$P$53 -> Aug-1-GA | C74: =SUM(D74:G74) -> 0 | D74: =IFERROR(VLOOKUP(B74,Sheet1!$G$7:$J$4000,4,0),0) -> 0 | E74: =IFERROR(VLOOKUP(B74,Sheet1!$G$7:$K$4000,5,0),0) -> 0 | F74: =IFERROR(VLOOKUP(B74,Sheet1!$G$7:$N$4000,8,0),0) -> 0 | G74: =IFERROR(VLOOKUP(B74,Sheet1!$G$7:$Q$4000,11,0),0) -> 0 | H74: =IFERROR(D74+E74,0) -> 0 | I74: =IFERROR(D74/C74*100%,"") | J74: =IFERROR(E74/C74*100%,"") | K74: =IFERROR(F74/C74*100%,"") | L74: =IFERROR(G74/C74*100%,"") | M74: =IFERROR(I74+J74,"") | O74: 8 | P74: =Sheet1!$A$1 -> 1
A75: =DATE(P75,O75,1) -> 610 | B75: =TEXT(O75*29,"mmm")&"-" & P75&"-"&$P$53 -> Sep-1-GA | C75: =SUM(D75:G75) -> 0 | D75: =IFERROR(VLOOKUP(B75,Sheet1!$G$7:$J$4000,4,0),0) -> 0 | E75: =IFERROR(VLOOKUP(B75,Sheet1!$G$7:$K$4000,5,0),0) -> 0 | F75: =IFERROR(VLOOKUP(B75,Sheet1!$G$7:$N$4000,8,0),0) -> 0 | G75: =IFERROR(VLOOKUP(B75,Sheet1!$G$7:$Q$4000,11,0),0) -> 0 | H75: =IFERROR(D75+E75,0) -> 0 | I75: =IFERROR(D75/C75*100%,"") | J75: =IFERROR(E75/C75*100%,"") | K75: =IFERROR(F75/C75*100%,"") | L75: =IFERROR(G75/C75*100%,"") | M75: =IFERROR(I75+J75,"") | O75: 9 | P75: =Sheet1!$A$1 -> 1
A76: =DATE(P76,O76,1) -> 640 | B76: =TEXT(O76*29,"mmm")&"-" & P76&"-"&$P$53 -> Oct-1-GA | C76: =SUM(D76:G76) -> 0 | D76: =IFERROR(VLOOKUP(B76,Sheet1!$G$7:$J$4000,4,0),0) -> 0 | E76: =IFERROR(VLOOKUP(B76,Sheet1!$G$7:$K$4000,5,0),0) -> 0 | F76: =IFERROR(VLOOKUP(B76,Sheet1!$G$7:$N$4000,8,0),0) -> 0 | G76: =IFERROR(VLOOKUP(B76,Sheet1!$G$7:$Q$4000,11,0),0) -> 0 | H76: =IFERROR(D76+E76,0) -> 0 | I76: =IFERROR(D76/C76*100%,"") | J76: =IFERROR(E76/C76*100%,"") | K76: =IFERROR(F76/C76*100%,"") | L76: =IFERROR(G76/C76*100%,"") | M76: =IFERROR(I76+J76,"") | O76: 10 | P76: =Sheet1!$A$1 -> 1
A77: =DATE(P77,O77,1) -> 671 | B77: =TEXT(O77*29,"mmm")&"-" & P77&"-"&$P$53 -> Nov-1-GA | C77: =SUM(D77:G77) -> 0 | D77: =IFERROR(VLOOKUP(B77,Sheet1!$G$7:$J$4000,4,0),0) -> 0 | E77: =IFERROR(VLOOKUP(B77,Sheet1!$G$7:$K$4000,5,0),0) -> 0 | F77: =IFERROR(VLOOKUP(B77,Sheet1!$G$7:$N$4000,8,0),0) -> 0 | G77: =IFERROR(VLOOKUP(B77,Sheet1!$G$7:$Q$4000,11,0),0) -> 0 | H77: =IFERROR(D77+E77,0) -> 0 | I77: =IFERROR(D77/C77*100%,"") | J77: =IFERROR(E77/C77*100%,"") | K77: =IFERROR(F77/C77*100%,"") | L77: =IFERROR(G77/C77*100%,"") | M77: =IFERROR(I77+J77,"") | O77: 11 | P77: =Sheet1!$A$1 -> 1
A78: =DATE(P78,O78,1) -> 701 | B78: =TEXT(O78*29,"mmm")&"-" & P78&"-"&$P$53 -> Dec-1-GA | C78: =SUM(D78:G78) -> 0 | D78: =IFERROR(VLOOKUP(B78,Sheet1!$G$7:$J$4000,4,0),0) -> 0 | E78: =IFERROR(VLOOKUP(B78,Sheet1!$G$7:$K$4000,5,0),0) -> 0 | F78: =IFERROR(VLOOKUP(B78,Sheet1!$G$7:$N$4000,8,0),0) -> 0 | G78: =IFERROR(VLOOKUP(B78,Sheet1!$G$7:$Q$4000,11,0),0) -> 0 | H78: =IFERROR(D78+E78,0) -> 0 | I78: =IFERROR(D78/C78*100%,"") | J78: =IFERROR(E78/C78*100%,"") | K78: =IFERROR(F78/C78*100%,"") | L78: =IFERROR(G78/C78*100%,"") | M78: =IFERROR(I78+J78,"") | O78: 12 | P78: =Sheet1!$A$1 -> 1
A80: Production Managerment | C80: Working hour (근무시간) | I80: Hour rate /Total working hr (총합계시간 대비 비율 (%)) | O80: 3 | P80: PM
A81: 월 Tháng | C81: 총근무 Tổng đi làm | D81: 통상근무 Đi làm bình thường | E81: 잔업 Tăng ca | F81: 특근 Đi làm ngày nghỉ | G81: LOSS | H81: 통상+잔업(평일근무) Bình thường+Tăng ca (Đi làm ngày thường) | I81: 통상근무 Đi làm bình thường | J81: 잔업 Tăng ca | K81: 특근 Ngày nghỉ | L81: LOSS | M81: 통상+잔업(평일근무) Bình thường + tăng ca (làm việc ngày thường)
A82: =DATE(P82,O82,1) -> 1 | B82: =TEXT(O82*29,"mmm")&"-" & P82&"-"&$P$80 -> Jan-0-PM | C82: =SUM(D82:G82) -> 0 | D82: =IFERROR(VLOOKUP(B82,Sheet1!$G$7:$J$4000,4,0),0) -> 0 | E82: =IFERROR(VLOOKUP(B82,Sheet1!$G$7:$K$4000,5,0),0) -> 0 | F82: =IFERROR(VLOOKUP(B82,Sheet1!$G$7:$N$4000,8,0),0) -> 0 | G82: =IFERROR(VLOOKUP(B82,Sheet1!$G$7:$Q$4000,11,0),0) -> 0 | H82: =IFERROR(D82+E82,0) -> 0 | I82: =IFERROR(D82/C82*100%,"") | J82: =IFERROR(E82/C82*100%,"") | K82: =IFERROR(F82/C82*100%,"") | L82: =IFERROR(G82/C82*100%,"") | M82: =IFERROR(I82+J82,"") | O82: 1 | P82: =Sheet1!$A$1-1 -> 0
A83: =DATE(P83,O83,1) -> 32 | B83: =TEXT(O83*29,"mmm")&"-" & P83&"-"&$P$80 -> Feb-0-PM | C83: =SUM(D83:G83) -> 0 | D83: =IFERROR(VLOOKUP(B83,Sheet1!$G$7:$J$4000,4,0),0) -> 0 | E83: =IFERROR(VLOOKUP(B83,Sheet1!$G$7:$K$4000,5,0),0) -> 0 | F83: =IFERROR(VLOOKUP(B83,Sheet1!$G$7:$N$4000,8,0),0) -> 0 | G83: =IFERROR(VLOOKUP(B83,Sheet1!$G$7:$Q$4000,11,0),0) -> 0 | H83: =IFERROR(D83+E83,0) -> 0 | I83: =IFERROR(D83/C83*100%,"") | J83: =IFERROR(E83/C83*100%,"") | K83: =IFERROR(F83/C83*100%,"") | L83: =IFERROR(G83/C83*100%,"") | M83: =IFERROR(I83+J83,"") | O83: 2 | P83: =Sheet1!$A$1-1 -> 0
A84: =DATE(P84,O84,1) -> 61 | B84: =TEXT(O84*29,"mmm")&"-" & P84&"-"&$P$80 -> Mar-0-PM | C84: =SUM(D84:G84) -> 0 | D84: =IFERROR(VLOOKUP(B84,Sheet1!$G$7:$J$4000,4,0),0) -> 0 | E84: =IFERROR(VLOOKUP(B84,Sheet1!$G$7:$K$4000,5,0),0) -> 0 | F84: =IFERROR(VLOOKUP(B84,Sheet1!$G$7:$N$4000,8,0),0) -> 0 | G84: =IFERROR(VLOOKUP(B84,Sheet1!$G$7:$Q$4000,11,0),0) -> 0 | H84: =IFERROR(D84+E84,0) -> 0 | I84: =IFERROR(D84/C84*100%,"") | J84: =IFERROR(E84/C84*100%,"") | K84: =IFERROR(F84/C84*100%,"") | L84: =IFERROR(G84/C84*100%,"") | M84: =IFERROR(I84+J84,"") | O84: 3 | P84: =Sheet1!$A$1-1 -> 0
A85: =DATE(P85,O85,1) -> 92 | B85: =TEXT(O85*29,"mmm")&"-" & P85&"-"&$P$80 -> Apr-0-PM | C85: =SUM(D85:G85) -> 0 | D85: =IFERROR(VLOOKUP(B85,Sheet1!$G$7:$J$4000,4,0),0) -> 0 | E85: =IFERROR(VLOOKUP(B85,Sheet1!$G$7:$K$4000,5,0),0) -> 0 | F85: =IFERROR(VLOOKUP(B85,Sheet1!$G$7:$N$4000,8,0),0) -> 0 | G85: =IFERROR(VLOOKUP(B85,Sheet1!$G$7:$Q$4000,11,0),0) -> 0 | H85: =IFERROR(D85+E85,0) -> 0 | I85: =IFERROR(D85/C85*100%,"") | J85: =IFERROR(E85/C85*100%,"") | K85: =IFERROR(F85/C85*100%,"") | L85: =IFERROR(G85/C85*100%,"") | M85: =IFERROR(I85+J85,"") | O85: 4 | P85: =Sheet1!$A$1-1 -> 0
A86: =DATE(P86,O86,1) -> 122 | B86: =TEXT(O86*29,"mmm")&"-" & P86&"-"&$P$80 -> May-0-PM | C86: =SUM(D86:G86) -> 0 | D86: =IFERROR(VLOOKUP(B86,Sheet1!$G$7:$J$4000,4,0),0) -> 0 | E86: =IFERROR(VLOOKUP(B86,Sheet1!$G$7:$K$4000,5,0),0) -> 0 | F86: =IFERROR(VLOOKUP(B86,Sheet1!$G$7:$N$4000,8,0),0) -> 0 | G86: =IFERROR(VLOOKUP(B86,Sheet1!$G$7:$Q$4000,11,0),0) -> 0 | H86: =IFERROR(D86+E86,0) -> 0 | I86: =IFERROR(D86/C86*100%,"") | J86: =IFERROR(E86/C86*100%,"") | K86: =IFERROR(F86/C86*100%,"") | L86: =IFERROR(G86/C86*100%,"") | M86: =IFERROR(I86+J86,"") | O86: 5 | P86: =Sheet1!$A$1-1 -> 0
A87: =DATE(P87,O87,1) -> 153 | B87: =TEXT(O87*29,"mmm")&"-" & P87&"-"&$P$80 -> Jun-0-PM | C87: =SUM(D87:G87) -> 0 | D87: =IFERROR(VLOOKUP(B87,Sheet1!$G$7:$J$4000,4,0),0) -> 0 | E87: =IFERROR(VLOOKUP(B87,Sheet1!$G$7:$K$4000,5,0),0) -> 0 | F87: =IFERROR(VLOOKUP(B87,Sheet1!$G$7:$N$4000,8,0),0) -> 0 | G87: =IFERROR(VLOOKUP(B87,Sheet1!$G$7:$Q$4000,11,0),0) -> 0 | H87: =IFERROR(D87+E87,0) -> 0 | I87: =IFERROR(D87/C87*100%,"") | J87: =IFERROR(E87/C87*100%,"") | K87: =IFERROR(F87/C87*100%,"") | L87: =IFERROR(G87/C87*100%,"") | M87: =IFERROR(I87+J87,"") | O87: 6 | P87: =Sheet1!$A$1-1 -> 0
A88: =DATE(P88,O88,1) -> 183 | B88: =TEXT(O88*29,"mmm")&"-" & P88&"-"&$P$80 -> Jul-0-PM | C88: =SUM(D88:G88) -> 0 | D88: =IFERROR(VLOOKUP(B88,Sheet1!$G$7:$J$4000,4,0),0) -> 0 | E88: =IFERROR(VLOOKUP(B88,Sheet1!$G$7:$K$4000,5,0),0) -> 0 | F88: =IFERROR(VLOOKUP(B88,Sheet1!$G$7:$N$4000,8,0),0) -> 0 | G88: =IFERROR(VLOOKUP(B88,Sheet1!$G$7:$Q$4000,11,0),0) -> 0 | H88: =IFERROR(D88+E88,0) -> 0 | I88: =IFERROR(D88/C88*100%,"") | J88: =IFERROR(E88/C88*100%,"") | K88: =IFERROR(F88/C88*100%,"") | L88: =IFERROR(G88/C88*100%,"") | M88: =IFERROR(I88+J88,"") | O88: 7 | P88: =Sheet1!$A$1-1 -> 0
A89: =DATE(P89,O89,1) -> 214 | B89: =TEXT(O89*29,"mmm")&"-" & P89&"-"&$P$80 -> Aug-0-PM | C89: =SUM(D89:G89) -> 0 | D89: =IFERROR(VLOOKUP(B89,Sheet1!$G$7:$J$4000,4,0),0) -> 0 | E89: =IFERROR(VLOOKUP(B89,Sheet1!$G$7:$K$4000,5,0),0) -> 0 | F89: =IFERROR(VLOOKUP(B89,Sheet1!$G$7:$N$4000,8,0),0) -> 0 | G89: =IFERROR(VLOOKUP(B89,Sheet1!$G$7:$Q$4000,11,0),0) -> 0 | H89: =IFERROR(D89+E89,0) -> 0 | I89: =IFERROR(D89/C89*100%,"") | J89: =IFERROR(E89/C89*100%,"") | K89: =IFERROR(F89/C89*100%,"") | L89: =IFERROR(G89/C89*100%,"") | M89: =IFERROR(I89+J89,"") | O89: 8 | P89: =Sheet1!$A$1-1 -> 0
A90: =DATE(P90,O90,1) -> 245 | B90: =TEXT(O90*29,"mmm")&"-" & P90&"-"&$P$80 -> Sep-0-PM | C90: =SUM(D90:G90) -> 0 | D90: =IFERROR(VLOOKUP(B90,Sheet1!$G$7:$J$4000,4,0),0) -> 0 | E90: =IFERROR(VLOOKUP(B90,Sheet1!$G$7:$K$4000,5,0),0) -> 0 | F90: =IFERROR(VLOOKUP(B90,Sheet1!$G$7:$N$4000,8,0),0) -> 0 | G90: =IFERROR(VLOOKUP(B90,Sheet1!$G$7:$Q$4000,11,0),0) -> 0 | H90: =IFERROR(D90+E90,0) -> 0 | I90: =IFERROR(D90/C90*100%,"") | J90: =IFERROR(E90/C90*100%,"") | K90: =IFERROR(F90/C90*100%,"") | L90: =IFERROR(G90/C90*100%,"") | M90: =IFERROR(I90+J90,"") | O90: 9 | P90: =Sheet1!$A$1-1 -> 0
A91: =DATE(P91,O91,1) -> 275 | B91: =TEXT(O91*29,"mmm")&"-" & P91&"-"&$P$80 -> Oct-0-PM | C91: =SUM(D91:G91) -> 0 | D91: =IFERROR(VLOOKUP(B91,Sheet1!$G$7:$J$4000,4,0),0) -> 0 | E91: =IFERROR(VLOOKUP(B91,Sheet1!$G$7:$K$4000,5,0),0) -> 0 | F91: =IFERROR(VLOOKUP(B91,Sheet1!$G$7:$N$4000,8,0),0) -> 0 | G91: =IFERROR(VLOOKUP(B91,Sheet1!$G$7:$Q$4000,11,0),0) -> 0 | H91: =IFERROR(D91+E91,0) -> 0 | I91: =IFERROR(D91/C91*100%,"") | J91: =IFERROR(E91/C91*100%,"") | K91: =IFERROR(F91/C91*100%,"") | L91: =IFERROR(G91/C91*100%,"") | M91: =IFERROR(I91+J91,"") | O91: 10 | P91: =Sheet1!$A$1-1 -> 0
A92: =DATE(P92,O92,1) -> 306 | B92: =TEXT(O92*29,"mmm")&"-" & P92&"-"&$P$80 -> Nov-0-PM | C92: =SUM(D92:G92) -> 0 | D92: =IFERROR(VLOOKUP(B92,Sheet1!$G$7:$J$4000,4,0),0) -> 0 | E92: =IFERROR(VLOOKUP(B92,Sheet1!$G$7:$K$4000,5,0),0) -> 0 | F92: =IFERROR(VLOOKUP(B92,Sheet1!$G$7:$N$4000,8,0),0) -> 0 | G92: =IFERROR(VLOOKUP(B92,Sheet1!$G$7:$Q$4000,11,0),0) -> 0 | H92: =IFERROR(D92+E92,0) -> 0 | I92: =IFERROR(D92/C92*100%,"") | J92: =IFERROR(E92/C92*100%,"") | K92: =IFERROR(F92/C92*100%,"") | L92: =IFERROR(G92/C92*100%,"") | M92: =IFERROR(I92+J92,"") | O92: 11 | P92: =Sheet1!$A$1-1 -> 0
A93: =DATE(P93,O93,1) -> 336 | B93: =TEXT(O93*29,"mmm")&"-" & P93&"-"&$P$80 -> Dec-0-PM | C93: =SUM(D93:G93) -> 0 | D93: =IFERROR(VLOOKUP(B93,Sheet1!$G$7:$J$4000,4,0),0) -> 0 | E93: =IFERROR(VLOOKUP(B93,Sheet1!$G$7:$K$4000,5,0),0) -> 0 | F93: =IFERROR(VLOOKUP(B93,Sheet1!$G$7:$N$4000,8,0),0) -> 0 | G93: =IFERROR(VLOOKUP(B93,Sheet1!$G$7:$Q$4000,11,0),0) -> 0 | H93: =IFERROR(D93+E93,0) -> 0 | I93: =IFERROR(D93/C93*100%,"") | J93: =IFERROR(E93/C93*100%,"") | K93: =IFERROR(F93/C93*100%,"") | L93: =IFERROR(G93/C93*100%,"") | M93: =IFERROR(I93+J93,"") | O93: 12 | P93: =Sheet1!$A$1-1 -> 0
A94: =DATE(P94,O94,1) -> 367 | B94: =TEXT(O94*29,"mmm")&"-" & P94&"-"&$P$80 -> Jan-1-PM | C94: =SUM(D94:G94) -> 0 | D94: =IFERROR(VLOOKUP(B94,Sheet1!$G$7:$J$4000,4,0),0) -> 0 | E94: =IFERROR(VLOOKUP(B94,Sheet1!$G$7:$K$4000,5,0),0) -> 0 | F94: =IFERROR(VLOOKUP(B94,Sheet1!$G$7:$N$4000,8,0),0) -> 0 | G94: =IFERROR(VLOOKUP(B94,Sheet1!$G$7:$Q$4000,11,0),0) -> 0 | H94: =IFERROR(D94+E94,0) -> 0 | I94: =IFERROR(D94/C94*100%,"") | J94: =IFERROR(E94/C94*100%,"") | K94: =IFERROR(F94/C94*100%,"") | L94: =IFERROR(G94/C94*100%,"") | M94: =IFERROR(I94+J94,"") | O94: 1 | P94: =Sheet1!$A$1 -> 1
A95: =DATE(P95,O95,1) -> 398 | B95: =TEXT(O95*29,"mmm")&"-" & P95&"-"&$P$80 -> Feb-1-PM | C95: =SUM(D95:G95) -> 0 | D95: =IFERROR(VLOOKUP(B95,Sheet1!$G$7:$J$4000,4,0),0) -> 0 | E95: =IFERROR(VLOOKUP(B95,Sheet1!$G$7:$K$4000,5,0),0) -> 0 | F95: =IFERROR(VLOOKUP(B95,Sheet1!$G$7:$N$4000,8,0),0) -> 0 | G95: =IFERROR(VLOOKUP(B95,Sheet1!$G$7:$Q$4000,11,0),0) -> 0 | H95: =IFERROR(D95+E95,0) -> 0 | I95: =IFERROR(D95/C95*100%,"") | J95: =IFERROR(E95/C95*100%,"") | K95: =IFERROR(F95/C95*100%,"") | L95: =IFERROR(G95/C95*100%,"") | M95: =IFERROR(I95+J95,"") | O95: 2 | P95: =Sheet1!$A$1 -> 1
A96: =DATE(P96,O96,1) -> 426 | B96: =TEXT(O96*29,"mmm")&"-" & P96&"-"&$P$80 -> Mar-1-PM | C96: =SUM(D96:G96) -> 0 | D96: =IFERROR(VLOOKUP(B96,Sheet1!$G$7:$J$4000,4,0),0) -> 0 | E96: =IFERROR(VLOOKUP(B96,Sheet1!$G$7:$K$4000,5,0),0) -> 0 | F96: =IFERROR(VLOOKUP(B96,Sheet1!$G$7:$N$4000,8,0),0) -> 0 | G96: =IFERROR(VLOOKUP(B96,Sheet1!$G$7:$Q$4000,11,0),0) -> 0 | H96: =IFERROR(D96+E96,0) -> 0 | I96: =IFERROR(D96/C96*100%,"") | J96: =IFERROR(E96/C96*100%,"") | K96: =IFERROR(F96/C96*100%,"") | L96: =IFERROR(G96/C96*100%,"") | M96: =IFERROR(I96+J96,"") | O96: 3 | P96: =Sheet1!$A$1 -> 1
A97: =DATE(P97,O97,1) -> 457 | B97: =TEXT(O97*29,"mmm")&"-" & P97&"-"&$P$80 -> Apr-1-PM | C97: =SUM(D97:G97) -> 0 | D97: =IFERROR(VLOOKUP(B97,Sheet1!$G$7:$J$4000,4,0),0) -> 0 | E97: =IFERROR(VLOOKUP(B97,Sheet1!$G$7:$K$4000,5,0),0) -> 0 | F97: =IFERROR(VLOOKUP(B97,Sheet1!$G$7:$N$4000,8,0),0) -> 0 | G97: =IFERROR(VLOOKUP(B97,Sheet1!$G$7:$Q$4000,11,0),0) -> 0 | H97: =IFERROR(D97+E97,0) -> 0 | I97: =IFERROR(D97/C97*100%,"") | J97: =IFERROR(E97/C97*100%,"") | K97: =IFERROR(F97/C97*100%,"") | L97: =IFERROR(G97/C97*100%,"") | M97: =IFERROR(I97+J97,"") | O97: 4 | P97: =Sheet1!$A$1 -> 1
A98: =DATE(P98,O98,1) -> 487 | B98: =TEXT(O98*29,"mmm")&"-" & P98&"-"&$P$80 -> May-1-PM | C98: =SUM(D98:G98) -> 0 | D98: =IFERROR(VLOOKUP(B98,Sheet1!$G$7:$J$4000,4,0),0) -> 0 | E98: =IFERROR(VLOOKUP(B98,Sheet1!$G$7:$K$4000,5,0),0) -> 0 | F98: =IFERROR(VLOOKUP(B98,Sheet1!$G$7:$N$4000,8,0),0) -> 0 | G98: =IFERROR(VLOOKUP(B98,Sheet1!$G$7:$Q$4000,11,0),0) -> 0 | H98: =IFERROR(D98+E98,0) -> 0 | I98: =IFERROR(D98/C98*100%,"") | J98: =IFERROR(E98/C98*100%,"") | K98: =IFERROR(F98/C98*100%,"") | L98: =IFERROR(G98/C98*100%,"") | M98: =IFERROR(I98+J98,"") | O98: 5 | P98: =Sheet1!$A$1 -> 1
A99: =DATE(P99,O99,1) -> 518 | B99: =TEXT(O99*29,"mmm")&"-" & P99&"-"&$P$80 -> Jun-1-PM | C99: =SUM(D99:G99) -> 0 | D99: =IFERROR(VLOOKUP(B99,Sheet1!$G$7:$J$4000,4,0),0) -> 0 | E99: =IFERROR(VLOOKUP(B99,Sheet1!$G$7:$K$4000,5,0),0) -> 0 | F99: =IFERROR(VLOOKUP(B99,Sheet1!$G$7:$N$4000,8,0),0) -> 0 | G99: =IFERROR(VLOOKUP(B99,Sheet1!$G$7:$Q$4000,11,0),0) -> 0 | H99: =IFERROR(D99+E99,0) -> 0 | I99: =IFERROR(D99/C99*100%,"") | J99: =IFERROR(E99/C99*100%,"") | K99: =IFERROR(F99/C99*100%,"") | L99: =IFERROR(G99/C99*100%,"") | M99: =IFERROR(I99+J99,"") | O99: 6 | P99: =Sheet1!$A$1 -> 1
A100: =DATE(P100,O100,1) -> 548 | B100: =TEXT(O100*29,"mmm")&"-" & P100&"-"&$P$80 -> Jul-1-PM | C100: =SUM(D100:G100) -> 0 | D100: =IFERROR(VLOOKUP(B100,Sheet1!$G$7:$J$4000,4,0),0) -> 0 | E100: =IFERROR(VLOOKUP(B100,Sheet1!$G$7:$K$4000,5,0),0) -> 0 | F100: =IFERROR(VLOOKUP(B100,Sheet1!$G$7:$N$4000,8,0),0) -> 0 | G100: =IFERROR(VLOOKUP(B100,Sheet1!$G$7:$Q$4000,11,0),0) -> 0 | H100: =IFERROR(D100+E100,0) -> 0 | I100: =IFERROR(D100/C100*100%,"") | J100: =IFERROR(E100/C100*100%,"") | K100: =IFERROR(F100/C100*100%,"") | L100: =IFERROR(G100/C100*100%,"") | M100: =IFERROR(I100+J100,"") | O100: 7 | P100: =Sheet1!$A$1 -> 1
A101: =DATE(P101,O101,1) -> 579 | B101: =TEXT(O101*29,"mmm")&"-" & P101&"-"&$P$80 -> Aug-1-PM | C101: =SUM(D101:G101) -> 0 | D101: =IFERROR(VLOOKUP(B101,Sheet1!$G$7:$J$4000,4,0),0) -> 0 | E101: =IFERROR(VLOOKUP(B101,Sheet1!$G$7:$K$4000,5,0),0) -> 0 | F101: =IFERROR(VLOOKUP(B101,Sheet1!$G$7:$N$4000,8,0),0) -> 0 | G101: =IFERROR(VLOOKUP(B101,Sheet1!$G$7:$Q$4000,11,0),0) -> 0 | H101: =IFERROR(D101+E101,0) -> 0 | I101: =IFERROR(D101/C101*100%,"") | J101: =IFERROR(E101/C101*100%,"") | K101: =IFERROR(F101/C101*100%,"") | L101: =IFERROR(G101/C101*100%,"") | M101: =IFERROR(I101+J101,"") | O101: 8 | P101: =Sheet1!$A$1 -> 1
A102: =DATE(P102,O102,1) -> 610 | B102: =TEXT(O102*29,"mmm")&"-" & P102&"-"&$P$80 -> Sep-1-PM | C102: =SUM(D102:G102) -> 0 | D102: =IFERROR(VLOOKUP(B102,Sheet1!$G$7:$J$4000,4,0),0) -> 0 | E102: =IFERROR(VLOOKUP(B102,Sheet1!$G$7:$K$4000,5,0),0) -> 0 | F102: =IFERROR(VLOOKUP(B102,Sheet1!$G$7:$N$4000,8,0),0) -> 0 | G102: =IFERROR(VLOOKUP(B102,Sheet1!$G$7:$Q$4000,11,0),0) -> 0 | H102: =IFERROR(D102+E102,0) -> 0 | I102: =IFERROR(D102/C102*100%,"") | J102: =IFERROR(E102/C102*100%,"") | K102: =IFERROR(F102/C102*100%,"") | L102: =IFERROR(G102/C102*100%,"") | M102: =IFERROR(I102+J102,"") | O102: 9 | P102: =Sheet1!$A$1 -> 1
A103: =DATE(P103,O103,1) -> 640 | B103: =TEXT(O103*29,"mmm")&"-" & P103&"-"&$P$80 -> Oct-1-PM | C103: =SUM(D103:G103) -> 0 | D103: =IFERROR(VLOOKUP(B103,Sheet1!$G$7:$J$4000,4,0),0) -> 0 | E103: =IFERROR(VLOOKUP(B103,Sheet1!$G$7:$K$4000,5,0),0) -> 0 | F103: =IFERROR(VLOOKUP(B103,Sheet1!$G$7:$N$4000,8,0),0) -> 0 | G103: =IFERROR(VLOOKUP(B103,Sheet1!$G$7:$Q$4000,11,0),0) -> 0 | H103: =IFERROR(D103+E103,0) -> 0 | I103: =IFERROR(D103/C103*100%,"") | J103: =IFERROR(E103/C103*100%,"") | K103: =IFERROR(F103/C103*100%,"") | L103: =IFERROR(G103/C103*100%,"") | M103: =IFERROR(I103+J103,"") | O103: 10 | P103: =Sheet1!$A$1 -> 1
A104: =DATE(P104,O104,1) -> 671 | B104: =TEXT(O104*29,"mmm")&"-" & P104&"-"&$P$80 -> Nov-1-PM | C104: =SUM(D104:G104) -> 0 | D104: =IFERROR(VLOOKUP(B104,Sheet1!$G$7:$J$4000,4,0),0) -> 0 | E104: =IFERROR(VLOOKUP(B104,Sheet1!$G$7:$K$4000,5,0),0) -> 0 | F104: =IFERROR(VLOOKUP(B104,Sheet1!$G$7:$N$4000,8,0),0) -> 0 | G104: =IFERROR(VLOOKUP(B104,Sheet1!$G$7:$Q$4000,11,0),0) -> 0 | H104: =IFERROR(D104+E104,0) -> 0 | I104: =IFERROR(D104/C104*100%,"") | J104: =IFERROR(E104/C104*100%,"") | K104: =IFERROR(F104/C104*100%,"") | L104: =IFERROR(G104/C104*100%,"") | M104: =IFERROR(I104+J104,"") | O104: 11 | P104: =Sheet1!$A$1 -> 1
A105: =DATE(P105,O105,1) -> 701 | B105: =TEXT(O105*29,"mmm")&"-" & P105&"-"&$P$80 -> Dec-1-PM | C105: =SUM(D105:G105) -> 0 | D105: =IFERROR(VLOOKUP(B105,Sheet1!$G$7:$J$4000,4,0),0) -> 0 | E105: =IFERROR(VLOOKUP(B105,Sheet1!$G$7:$K$4000,5,0),0) -> 0 | F105: =IFERROR(VLOOKUP(B105,Sheet1!$G$7:$N$4000,8,0),0) -> 0 | G105: =IFERROR(VLOOKUP(B105,Sheet1!$G$7:$Q$4000,11,0),0) -> 0 | H105: =IFERROR(D105+E105,0) -> 0 | I105: =IFERROR(D105/C105*100%,"") | J105: =IFERROR(E105/C105*100%,"") | K105: =IFERROR(F105/C105*100%,"") | L105: =IFERROR(G105/C105*100%,"") | M105: =IFERROR(I105+J105,"") | O105: 12 | P105: =Sheet1!$A$1 -> 1
A107: Quality Department | C107: 총합계시간 | I107: 총합계시간 대비 비율 | O107: 4 | P107: QD
A108: 월 Tháng | C108: 총근무 Tổng đi làm | D108: 통상근무 Đi làm bình thường | E108: 잔업 Tăng ca | F108: 특근 Đi làm ngày nghỉ | G108: LOSS | H108: 통상+잔업(평일근무) Bình thường+Tăng ca (Đi làm ngày thường) | I108: 통상근무 Đi làm bình thường | J108: 잔업 Tăng ca | K108: 특근 Ngày nghỉ | L108: LOSS | M108: 통상+잔업(평일근무) Bình thường + tăng ca (làm việc ngày thường)
A109: =DATE(P109,O109,1) -> 1 | B109: =TEXT(O109*29,"mmm")&"-" &P109&"-"&$P$107 -> Jan-0-QD | C109: =SUM(D109:G109) -> 0 | D109: =IFERROR(VLOOKUP(B109,Sheet1!$G$7:$J$4000,4,0),0) -> 0 | E109: =IFERROR(VLOOKUP(B109,Sheet1!$G$7:$K$4000,5,0),0) -> 0 | F109: =IFERROR(VLOOKUP(B109,Sheet1!$G$7:$N$4000,8,0),0) -> 0 | G109: =IFERROR(VLOOKUP(B109,Sheet1!$G$7:$Q$4000,11,0),0) -> 0 | H109: =IFERROR(D109+E109,0) -> 0 | I109: =IFERROR(D109/C109*100%,"") | J109: =IFERROR(E109/C109*100%,"") | K109: =IFERROR(F109/C109*100%,"") | L109: =IFERROR(G109/C109*100%,"") | M109: =IFERROR(I109+J109,"") | O109: 1 | P109: =Sheet1!$A$1-1 -> 0
A110: =DATE(P110,O110,1) -> 32 | B110: =TEXT(O110*29,"mmm")&"-" &P110&"-"&$P$107 -> Feb-0-QD | C110: =SUM(D110:G110) -> 0 | D110: =IFERROR(VLOOKUP(B110,Sheet1!$G$7:$J$4000,4,0),0) -> 0 | E110: =IFERROR(VLOOKUP(B110,Sheet1!$G$7:$K$4000,5,0),0) -> 0 | F110: =IFERROR(VLOOKUP(B110,Sheet1!$G$7:$N$4000,8,0),0) -> 0 | G110: =IFERROR(VLOOKUP(B110,Sheet1!$G$7:$Q$4000,11,0),0) -> 0 | H110: =IFERROR(D110+E110,0) -> 0 | I110: =IFERROR(D110/C110*100%,"") | J110: =IFERROR(E110/C110*100%,"") | K110: =IFERROR(F110/C110*100%,"") | L110: =IFERROR(G110/C110*100%,"") | M110: =IFERROR(I110+J110,"") | O110: 2 | P110: =Sheet1!$A$1-1 -> 0
A111: =DATE(P111,O111,1) -> 61 | B111: =TEXT(O111*29,"mmm")&"-" &P111&"-"&$P$107 -> Mar-0-QD | C111: =SUM(D111:G111) -> 0 | D111: =IFERROR(VLOOKUP(B111,Sheet1!$G$7:$J$4000,4,0),0) -> 0 | E111: =IFERROR(VLOOKUP(B111,Sheet1!$G$7:$K$4000,5,0),0) -> 0 | F111: =IFERROR(VLOOKUP(B111,Sheet1!$G$7:$N$4000,8,0),0) -> 0 | G111: =IFERROR(VLOOKUP(B111,Sheet1!$G$7:$Q$4000,11,0),0) -> 0 | H111: =IFERROR(D111+E111,0) -> 0 | I111: =IFERROR(D111/C111*100%,"") | J111: =IFERROR(E111/C111*100%,"") | K111: =IFERROR(F111/C111*100%,"") | L111: =IFERROR(G111/C111*100%,"") | M111: =IFERROR(I111+J111,"") | O111: 3 | P111: =Sheet1!$A$1-1 -> 0
A112: =DATE(P112,O112,1) -> 92 | B112: =TEXT(O112*29,"mmm")&"-" &P112&"-"&$P$107 -> Apr-0-QD | C112: =SUM(D112:G112) -> 0 | D112: =IFERROR(VLOOKUP(B112,Sheet1!$G$7:$J$4000,4,0),0) -> 0 | E112: =IFERROR(VLOOKUP(B112,Sheet1!$G$7:$K$4000,5,0),0) -> 0 | F112: =IFERROR(VLOOKUP(B112,Sheet1!$G$7:$N$4000,8,0),0) -> 0 | G112: =IFERROR(VLOOKUP(B112,Sheet1!$G$7:$Q$4000,11,0),0) -> 0 | H112: =IFERROR(D112+E112,0) -> 0 | I112: =IFERROR(D112/C112*100%,"") | J112: =IFERROR(E112/C112*100%,"") | K112: =IFERROR(F112/C112*100%,"") | L112: =IFERROR(G112/C112*100%,"") | M112: =IFERROR(I112+J112,"") | O112: 4 | P112: =Sheet1!$A$1-1 -> 0
A113: =DATE(P113,O113,1) -> 122 | B113: =TEXT(O113*29,"mmm")&"-" &P113&"-"&$P$107 -> May-0-QD | C113: =SUM(D113:G113) -> 0 | D113: =IFERROR(VLOOKUP(B113,Sheet1!$G$7:$J$4000,4,0),0) -> 0 | E113: =IFERROR(VLOOKUP(B113,Sheet1!$G$7:$K$4000,5,0),0) -> 0 | F113: =IFERROR(VLOOKUP(B113,Sheet1!$G$7:$N$4000,8,0),0) -> 0 | G113: =IFERROR(VLOOKUP(B113,Sheet1!$G$7:$Q$4000,11,0),0) -> 0 | H113: =IFERROR(D113+E113,0) -> 0 | I113: =IFERROR(D113/C113*100%,"") | J113: =IFERROR(E113/C113*100%,"") | K113: =IFERROR(F113/C113*100%,"") | L113: =IFERROR(G113/C113*100%,"") | M113: =IFERROR(I113+J113,"") | O113: 5 | P113: =Sheet1!$A$1-1 -> 0
A114: =DATE(P114,O114,1) -> 153 | B114: =TEXT(O114*29,"mmm")&"-" &P114&"-"&$P$107 -> Jun-0-QD | C114: =SUM(D114:G114) -> 0 | D114: =IFERROR(VLOOKUP(B114,Sheet1!$G$7:$J$4000,4,0),0) -> 0 | E114: =IFERROR(VLOOKUP(B114,Sheet1!$G$7:$K$4000,5,0),0) -> 0 | F114: =IFERROR(VLOOKUP(B114,Sheet1!$G$7:$N$4000,8,0),0) -> 0 | G114: =IFERROR(VLOOKUP(B114,Sheet1!$G$7:$Q$4000,11,0),0) -> 0 | H114: =IFERROR(D114+E114,0) -> 0 | I114: =IFERROR(D114/C114*100%,"") | J114: =IFERROR(E114/C114*100%,"") | K114: =IFERROR(F114/C114*100%,"") | L114: =IFERROR(G114/C114*100%,"") | M114: =IFERROR(I114+J114,"") | O114: 6 | P114: =Sheet1!$A$1-1 -> 0
A115: =DATE(P115,O115,1) -> 183 | B115: =TEXT(O115*29,"mmm")&"-" &P115&"-"&$P$107 -> Jul-0-QD | C115: =SUM(D115:G115) -> 0 | D115: =IFERROR(VLOOKUP(B115,Sheet1!$G$7:$J$4000,4,0),0) -> 0 | E115: =IFERROR(VLOOKUP(B115,Sheet1!$G$7:$K$4000,5,0),0) -> 0 | F115: =IFERROR(VLOOKUP(B115,Sheet1!$G$7:$N$4000,8,0),0) -> 0 | G115: =IFERROR(VLOOKUP(B115,Sheet1!$G$7:$Q$4000,11,0),0) -> 0 | H115: =IFERROR(D115+E115,0) -> 0 | I115: =IFERROR(D115/C115*100%,"") | J115: =IFERROR(E115/C115*100%,"") | K115: =IFERROR(F115/C115*100%,"") | L115: =IFERROR(G115/C115*100%,"") | M115: =IFERROR(I115+J115,"") | O115: 7 | P115: =Sheet1!$A$1-1 -> 0
A116: =DATE(P116,O116,1) -> 214 | B116: =TEXT(O116*29,"mmm")&"-" &P116&"-"&$P$107 -> Aug-0-QD | C116: =SUM(D116:G116) -> 0 | D116: =IFERROR(VLOOKUP(B116,Sheet1!$G$7:$J$4000,4,0),0) -> 0 | E116: =IFERROR(VLOOKUP(B116,Sheet1!$G$7:$K$4000,5,0),0) -> 0 | F116: =IFERROR(VLOOKUP(B116,Sheet1!$G$7:$N$4000,8,0),0) -> 0 | G116: =IFERROR(VLOOKUP(B116,Sheet1!$G$7:$Q$4000,11,0),0) -> 0 | H116: =IFERROR(D116+E116,0) -> 0 | I116: =IFERROR(D116/C116*100%,"") | J116: =IFERROR(E116/C116*100%,"") | K116: =IFERROR(F116/C116*100%,"") | L116: =IFERROR(G116/C116*100%,"") | M116: =IFERROR(I116+J116,"") | O116: 8 | P116: =Sheet1!$A$1-1 -> 0
A117: =DATE(P117,O117,1) -> 245 | B117: =TEXT(O117*29,"mmm")&"-" &P117&"-"&$P$107 -> Sep-0-QD | C117: =SUM(D117:G117) -> 0 | D117: =IFERROR(VLOOKUP(B117,Sheet1!$G$7:$J$4000,4,0),0) -> 0 | E117: =IFERROR(VLOOKUP(B117,Sheet1!$G$7:$K$4000,5,0),0) -> 0 | F117: =IFERROR(VLOOKUP(B117,Sheet1!$G$7:$N$4000,8,0),0) -> 0 | G117: =IFERROR(VLOOKUP(B117,Sheet1!$G$7:$Q$4000,11,0),0) -> 0 | H117: =IFERROR(D117+E117,0) -> 0 | I117: =IFERROR(D117/C117*100%,"") | J117: =IFERROR(E117/C117*100%,"") | K117: =IFERROR(F117/C117*100%,"") | L117: =IFERROR(G117/C117*100%,"") | M117: =IFERROR(I117+J117,"") | O117: 9 | P117: =Sheet1!$A$1-1 -> 0
A118: =DATE(P118,O118,1) -> 275 | B118: =TEXT(O118*29,"mmm")&"-" &P118&"-"&$P$107 -> Oct-0-QD | C118: =SUM(D118:G118) -> 0 | D118: =IFERROR(VLOOKUP(B118,Sheet1!$G$7:$J$4000,4,0),0) -> 0 | E118: =IFERROR(VLOOKUP(B118,Sheet1!$G$7:$K$4000,5,0),0) -> 0 | F118: =IFERROR(VLOOKUP(B118,Sheet1!$G$7:$N$4000,8,0),0) -> 0 | G118: =IFERROR(VLOOKUP(B118,Sheet1!$G$7:$Q$4000,11,0),0) -> 0 | H118: =IFERROR(D118+E118,0) -> 0 | I118: =IFERROR(D118/C118*100%,"") | J118: =IFERROR(E118/C118*100%,"") | K118: =IFERROR(F118/C118*100%,"") | L118: =IFERROR(G118/C118*100%,"") | M118: =IFERROR(I118+J118,"") | O118: 10 | P118: =Sheet1!$A$1-1 -> 0
A119: =DATE(P119,O119,1) -> 306 | B119: =TEXT(O119*29,"mmm")&"-" &P119&"-"&$P$107 -> Nov-0-QD | C119: =SUM(D119:G119) -> 0 | D119: =IFERROR(VLOOKUP(B119,Sheet1!$G$7:$J$4000,4,0),0) -> 0 | E119: =IFERROR(VLOOKUP(B119,Sheet1!$G$7:$K$4000,5,0),0) -> 0 | F119: =IFERROR(VLOOKUP(B119,Sheet1!$G$7:$N$4000,8,0),0) -> 0 | G119: =IFERROR(VLOOKUP(B119,Sheet1!$G$7:$Q$4000,11,0),0) -> 0 | H119: =IFERROR(D119+E119,0) -> 0 | I119: =IFERROR(D119/C119*100%,"") | J119: =IFERROR(E119/C119*100%,"") | K119: =IFERROR(F119/C119*100%,"") | L119: =IFERROR(G119/C119*100%,"") | M119: =IFERROR(I119+J119,"") | O119: 11 | P119: =Sheet1!$A$1-1 -> 0
A120: =DATE(P120,O120,1) -> 336 | B120: =TEXT(O120*29,"mmm")&"-" &P120&"-"&$P$107 -> Dec-0-QD | C120: =SUM(D120:G120) -> 0 | D120: =IFERROR(VLOOKUP(B120,Sheet1!$G$7:$J$4000,4,0),0) -> 0 | E120: =IFERROR(VLOOKUP(B120,Sheet1!$G$7:$K$4000,5,0),0) -> 0 | F120: =IFERROR(VLOOKUP(B120,Sheet1!$G$7:$N$4000,8,0),0) -> 0 | G120: =IFERROR(VLOOKUP(B120,Sheet1!$G$7:$Q$4000,11,0),0) -> 0 | H120: =IFERROR(D120+E120,0) -> 0 | I120: =IFERROR(D120/C120*100%,"") | J120: =IFERROR(E120/C120*100%,"") | K120: =IFERROR(F120/C120*100%,"") | L120: =IFERROR(G120/C120*100%,"") | M120: =IFERROR(I120+J120,"") | O120: 12 | P120: =Sheet1!$A$1-1 -> 0
A121: =DATE(P121,O121,1) -> 367 | B121: =TEXT(O121*29,"mmm")&"-" &P121&"-"&$P$107 -> Jan-1-QD | C121: =SUM(D121:G121) -> 0 | D121: =IFERROR(VLOOKUP(B121,Sheet1!$G$7:$J$4000,4,0),0) -> 0 | E121: =IFERROR(VLOOKUP(B121,Sheet1!$G$7:$K$4000,5,0),0) -> 0 | F121: =IFERROR(VLOOKUP(B121,Sheet1!$G$7:$N$4000,8,0),0) -> 0 | G121: =IFERROR(VLOOKUP(B121,Sheet1!$G$7:$Q$4000,11,0),0) -> 0 | H121: =IFERROR(D121+E121,0) -> 0 | I121: =IFERROR(D121/C121*100%,"") | J121: =IFERROR(E121/C121*100%,"") | K121: =IFERROR(F121/C121*100%,"") | L121: =IFERROR(G121/C121*100%,"") | M121: =IFERROR(I121+J121,"") | O121: 1 | P121: =Sheet1!$A$1 -> 1
A122: =DATE(P122,O122,1) -> 398 | B122: =TEXT(O122*29,"mmm")&"-" &P122&"-"&$P$107 -> Feb-1-QD | C122: =SUM(D122:G122) -> 0 | D122: =IFERROR(VLOOKUP(B122,Sheet1!$G$7:$J$4000,4,0),0) -> 0 | E122: =IFERROR(VLOOKUP(B122,Sheet1!$G$7:$K$4000,5,0),0) -> 0 | F122: =IFERROR(VLOOKUP(B122,Sheet1!$G$7:$N$4000,8,0),0) -> 0 | G122: =IFERROR(VLOOKUP(B122,Sheet1!$G$7:$Q$4000,11,0),0) -> 0 | H122: =IFERROR(D122+E122,0) -> 0 | I122: =IFERROR(D122/C122*100%,"") | J122: =IFERROR(E122/C122*100%,"") | K122: =IFERROR(F122/C122*100%,"") | L122: =IFERROR(G122/C122*100%,"") | M122: =IFERROR(I122+J122,"") | O122: 2 | P122: =Sheet1!$A$1 -> 1
A123: =DATE(P123,O123,1) -> 426 | B123: =TEXT(O123*29,"mmm")&"-" &P123&"-"&$P$107 -> Mar-1-QD | C123: =SUM(D123:G123) -> 0 | D123: =IFERROR(VLOOKUP(B123,Sheet1!$G$7:$J$4000,4,0),0) -> 0 | E123: =IFERROR(VLOOKUP(B123,Sheet1!$G$7:$K$4000,5,0),0) -> 0 | F123: =IFERROR(VLOOKUP(B123,Sheet1!$G$7:$N$4000,8,0),0) -> 0 | G123: =IFERROR(VLOOKUP(B123,Sheet1!$G$7:$Q$4000,11,0),0) -> 0 | H123: =IFERROR(D123+E123,0) -> 0 | I123: =IFERROR(D123/C123*100%,"") | J123: =IFERROR(E123/C123*100%,"") | K123: =IFERROR(F123/C123*100%,"") | L123: =IFERROR(G123/C123*100%,"") | M123: =IFERROR(I123+J123,"") | O123: 3 | P123: =Sheet1!$A$1 -> 1
A124: =DATE(P124,O124,1) -> 457 | B124: =TEXT(O124*29,"mmm")&"-" &P124&"-"&$P$107 -> Apr-1-QD | C124: =SUM(D124:G124) -> 0 | D124: =IFERROR(VLOOKUP(B124,Sheet1!$G$7:$J$4000,4,0),0) -> 0 | E124: =IFERROR(VLOOKUP(B124,Sheet1!$G$7:$K$4000,5,0),0) -> 0 | F124: =IFERROR(VLOOKUP(B124,Sheet1!$G$7:$N$4000,8,0),0) -> 0 | G124: =IFERROR(VLOOKUP(B124,Sheet1!$G$7:$Q$4000,11,0),0) -> 0 | H124: =IFERROR(D124+E124,0) -> 0 | I124: =IFERROR(D124/C124*100%,"") | J124: =IFERROR(E124/C124*100%,"") | K124: =IFERROR(F124/C124*100%,"") | L124: =IFERROR(G124/C124*100%,"") | M124: =IFERROR(I124+J124,"") | O124: 4 | P124: =Sheet1!$A$1 -> 1
A125: =DATE(P125,O125,1) -> 487 | B125: =TEXT(O125*29,"mmm")&"-" &P125&"-"&$P$107 -> May-1-QD | C125: =SUM(D125:G125) -> 0 | D125: =IFERROR(VLOOKUP(B125,Sheet1!$G$7:$J$4000,4,0),0) -> 0 | E125: =IFERROR(VLOOKUP(B125,Sheet1!$G$7:$K$4000,5,0),0) -> 0 | F125: =IFERROR(VLOOKUP(B125,Sheet1!$G$7:$N$4000,8,0),0) -> 0 | G125: =IFERROR(VLOOKUP(B125,Sheet1!$G$7:$Q$4000,11,0),0) -> 0 | H125: =IFERROR(D125+E125,0) -> 0 | I125: =IFERROR(D125/C125*100%,"") | J125: =IFERROR(E125/C125*100%,"") | K125: =IFERROR(F125/C125*100%,"") | L125: =IFERROR(G125/C125*100%,"") | M125: =IFERROR(I125+J125,"") | O125: 5 | P125: =Sheet1!$A$1 -> 1
A126: =DATE(P126,O126,1) -> 518 | B126: =TEXT(O126*29,"mmm")&"-" &P126&"-"&$P$107 -> Jun-1-QD | C126: =SUM(D126:G126) -> 0 | D126: =IFERROR(VLOOKUP(B126,Sheet1!$G$7:$J$4000,4,0),0) -> 0 | E126: =IFERROR(VLOOKUP(B126,Sheet1!$G$7:$K$4000,5,0),0) -> 0 | F126: =IFERROR(VLOOKUP(B126,Sheet1!$G$7:$N$4000,8,0),0) -> 0 | G126: =IFERROR(VLOOKUP(B126,Sheet1!$G$7:$Q$4000,11,0),0) -> 0 | H126: =IFERROR(D126+E126,0) -> 0 | I126: =IFERROR(D126/C126*100%,"") | J126: =IFERROR(E126/C126*100%,"") | K126: =IFERROR(F126/C126*100%,"") | L126: =IFERROR(G126/C126*100%,"") | M126: =IFERROR(I126+J126,"") | O126: 6 | P126: =Sheet1!$A$1 -> 1
A127: =DATE(P127,O127,1) -> 548 | B127: =TEXT(O127*29,"mmm")&"-" &P127&"-"&$P$107 -> Jul-1-QD | C127: =SUM(D127:G127) -> 0 | D127: =IFERROR(VLOOKUP(B127,Sheet1!$G$7:$J$4000,4,0),0) -> 0 | E127: =IFERROR(VLOOKUP(B127,Sheet1!$G$7:$K$4000,5,0),0) -> 0 | F127: =IFERROR(VLOOKUP(B127,Sheet1!$G$7:$N$4000,8,0),0) -> 0 | G127: =IFERROR(VLOOKUP(B127,Sheet1!$G$7:$Q$4000,11,0),0) -> 0 | H127: =IFERROR(D127+E127,0) -> 0 | I127: =IFERROR(D127/C127*100%,"") | J127: =IFERROR(E127/C127*100%,"") | K127: =IFERROR(F127/C127*100%,"") | L127: =IFERROR(G127/C127*100%,"") | M127: =IFERROR(I127+J127,"") | O127: 7 | P127: =Sheet1!$A$1 -> 1
...

Sheet 월별 기본데이터 합계
A1: 4. Montly working hour data ( 월별 기본 Data)
E2: 1
A3: 기본정보 Thông tin cơ bản | E3: 원본데이타 - Dữ liệu gốc | Q3: 데이타계산 - Cộng số liệu
A4: 월 Tháng | B4: Month-Year | C4: Year | D4: 인원수 - Tính theo đầu người | E4: 출근 - Làm việc | F4: 잔업 - Tăng ca | G4: 야간 특근- Làm đêm Ngày nghỉ | H4: 야간 - Ca đêm | I4: 휴일 - Ngày lễ | J4: 년차-Phép năm | K4: 결근 - Nghỉ làm | L4: 지각 - Đi trễ | M4: 조퇴 - Về sớm | N4: 외출 - Đi ra ngoài | O4: 저녁 - Thuyên chuyển | P4: 사용-Sử dụng | Q4: 출근시간 - Thời gian đi làm | R4: 특근시간 - Thời gian làm ngày nghỉ | S4: 야간특근시간 - Thời gian làm ngày nghỉ ca đêm | T4: 연차시간- Thời gian phép nghỉ | U4: 결근시간- Thời gian nghỉ làm | V4: 합계시간-Tổng thời gian | W4: 총근무시간-Tổng thời gian làm việc | X4: 총LOSS시간-Tổng thời gian LOSS | Y4: 평일시간-Thời gian làm việc ngày thường | Z4: Weekday working hour(평일시간) | AD4: Tỷ lệ làm việc bt | AE4: Tăng ca | AF4: Tỷ lệ ngày nghỉ - nghỉ phép | AG4: Tỷ lệ không đi làm trong giờ hành chính
A5: =DATE(C5,AB5,1) -> 1 | B5: =TEXT(AB5*29,"mmm")& "-" & AC5 -> Jan-0 | C5: =Sheet1!$A$1-1 -> 0 | D5: =IFERROR(VLOOKUP(B5,Sheet1!$F$7:$V$4000,17,0),0) -> 0 | E5: =Q5/8 -> 0 | F5: =SUMIF(Sheet1!$F$7:$F$4000,B5,Sheet1!$K$7:$K$4000) -> 0 | G5: =S5/10.5 -> 0 | H5: =SUMIF(Sheet1!$F$7:$F$4000,B5,Sheet1!$M$7:$M$4000) -> 0 | I5: =(R5-S5)/10.5 -> 0 | J5: =T5/8 -> 0 | K5: =U5/8 -> 0 | L5: =SUMIF(Sheet1!$F$7:$F$4000,B5,Sheet1!$R$7:$R$4000) -> 0 | M5: =SUMIF(Sheet1!$F$7:$F$4000,B5,Sheet1!$S$7:$S$4000) -> 0 | N5: =SUMIF(Sheet1!$F$7:$F$4000,B5,Sheet1!$T$7:$T$4000) -> 0 | Q5: =SUMIF(Sheet1!$F$7:$F$4000,B5,Sheet1!$J$7:$J$4000) -> 0 | R5: =SUMIF(Sheet1!$F$7:$F$4000,B5,Sheet1!$N$7:$N$4000) -> 0 | S5: =SUMIF(Sheet1!$F$7:$F$4000,B5,Sheet1!$L$7:$L$4000) -> 0 | T5: =SUMIF(Sheet1!$F$7:$F$4000,B5,Sheet1!$O$7:$O$4000) -> 0 | U5: =SUMIF(Sheet1!$F$7:$F$4000,B5,Sheet1!$P$7:$P$4000) -> 0 | V5: =W5+X5 -> 0 | W5: =Q5+R5+F5 -> 0 | X5: =L5+M5+N5+T5+U5 -> 0 | Y5: =SUMIF(Sheet1!$F$7:$F$4000,B5,Sheet1!$Q$7:$Q$4000) -> 0 | Z5: =Q5+F5 -> 0 | AB5: 1 | AC5: =Sheet1!$A$1-1 -> 0 | AD5: =IFERROR(Q5/V5,0) -> 0 | AE5: =IFERROR(F5/V5,0) -> 0 | AF5: =IFERROR((I5+S5)/V5,0) -> 0 | AG5: =IFERROR(X5/V5,0) -> 0
A6: =DATE(C6,AB6,1) -> 32 | B6: =TEXT(AB6*29,"mmm")& "-" & AC6 -> Feb-0 | C6: =Sheet1!$A$1-1 -> 0 | D6: =IFERROR(VLOOKUP(B6,Sheet1!$F$7:$V$4000,17,0),0) -> 0 | E6: =Q6/8 -> 0 | F6: =SUMIF(Sheet1!$F$7:$F$4000,B6,Sheet1!$K$7:$K$4000) -> 0 | G6: =S6/10.5 -> 0 | H6: =SUMIF(Sheet1!$F$7:$F$4000,B6,Sheet1!$M$7:$M$4000) -> 0 | I6: =(R6-S6)/10.5 -> 0 | J6: =T6/8 -> 0 | K6: =U6/8 -> 0 | L6: =SUMIF(Sheet1!$F$7:$F$4000,B6,Sheet1!$R$7:$R$4000) -> 0 | M6: =SUMIF(Sheet1!$F$7:$F$4000,B6,Sheet1!$S$7:$S$4000) -> 0 | N6: =SUMIF(Sheet1!$F$7:$F$4000,B6,Sheet1!$T$7:$T$4000) -> 0 | Q6: =SUMIF(Sheet1!$F$7:$F$4000,B6,Sheet1!$J$7:$J$4000) -> 0 | R6: =SUMIF(Sheet1!$F$7:$F$4000,B6,Sheet1!$N$7:$N$4000) -> 0 | S6: =SUMIF(Sheet1!$F$7:$F$4000,B6,Sheet1!$L$7:$L$4000) -> 0 | T6: =SUMIF(Sheet1!$F$7:$F$4000,B6,Sheet1!$O$7:$O$4000) -> 0 | U6: =SUMIF(Sheet1!$F$7:$F$4000,B6,Sheet1!$P$7:$P$4000) -> 0 | V6: =W6+X6 -> 0 | W6: =Q6+R6+F6 -> 0 | X6: =L6+M6+N6+T6+U6 -> 0 | Y6: =SUMIF(Sheet1!$F$7:$F$4000,B6,Sheet1!$Q$7:$Q$4000) -> 0 | Z6: =Q6+F6 -> 0 | AB6: 2 | AC6: =Sheet1!$A$1-1 -> 0 | AD6: =IFERROR(Q6/V6,0) -> 0 | AE6: =IFERROR(F6/V6,0) -> 0 | AF6: =IFERROR((I6+S6)/V6,0) -> 0 | AG6: =IFERROR(X6/V6,0) -> 0
A7: =DATE(C7,AB7,1) -> 61 | B7: =TEXT(AB7*29,"mmm")& "-" & AC7 -> Mar-0 | C7: =Sheet1!$A$1-1 -> 0 | D7: =IFERROR(VLOOKUP(B7,Sheet1!$F$7:$V$4000,17,0),0) -> 0 | E7: =Q7/8 -> 0 | F7: =SUMIF(Sheet1!$F$7:$F$4000,B7,Sheet1!$K$7:$K$4000) -> 0 | G7: =S7/10.5 -> 0 | H7: =SUMIF(Sheet1!$F$7:$F$4000,B7,Sheet1!$M$7:$M$4000) -> 0 | I7: =(R7-S7)/10.5 -> 0 | J7: =T7/8 -> 0 | K7: =U7/8 -> 0 | L7: =SUMIF(Sheet1!$F$7:$F$4000,B7,Sheet1!$R$7:$R$4000) -> 0 | M7: =SUMIF(Sheet1!$F$7:$F$4000,B7,Sheet1!$S$7:$S$4000) -> 0 | N7: =SUMIF(Sheet1!$F$7:$F$4000,B7,Sheet1!$T$7:$T$4000) -> 0 | Q7: =SUMIF(Sheet1!$F$7:$F$4000,B7,Sheet1!$J$7:$J$4000) -> 0 | R7: =SUMIF(Sheet1!$F$7:$F$4000,B7,Sheet1!$N$7:$N$4000) -> 0 | S7: =SUMIF(Sheet1!$F$7:$F$4000,B7,Sheet1!$L$7:$L$4000) -> 0 | T7: =SUMIF(Sheet1!$F$7:$F$4000,B7,Sheet1!$O$7:$O$4000) -> 0 | U7: =SUMIF(Sheet1!$F$7:$F$4000,B7,Sheet1!$P$7:$P$4000) -> 0 | V7: =W7+X7 -> 0 | W7: =Q7+R7+F7 -> 0 | X7: =L7+M7+N7+T7+U7 -> 0 | Y7: =SUMIF(Sheet1!$F$7:$F$4000,B7,Sheet1!$Q$7:$Q$4000) -> 0 | Z7: =Q7+F7 -> 0 | AB7: 3 | AC7: =Sheet1!$A$1-1 -> 0 | AD7: =IFERROR(Q7/V7,0) -> 0 | AE7: =IFERROR(F7/V7,0) -> 0 | AF7: =IFERROR((I7+S7)/V7,0) -> 0 | AG7: =IFERROR(X7/V7,0) -> 0
A8: =DATE(C8,AB8,1) -> 92 | B8: =TEXT(AB8*29,"mmm")& "-" & AC8 -> Apr-0 | C8: =Sheet1!$A$1-1 -> 0 | D8: =IFERROR(VLOOKUP(B8,Sheet1!$F$7:$V$4000,17,0),0) -> 0 | E8: =Q8/8 -> 0 | F8: =SUMIF(Sheet1!$F$7:$F$4000,B8,Sheet1!$K$7:$K$4000) -> 0 | G8: =S8/10.5 -> 0 | H8: =SUMIF(Sheet1!$F$7:$F$4000,B8,Sheet1!$M$7:$M$4000) -> 0 | I8: =(R8-S8)/10.5 -> 0 | J8: =T8/8 -> 0 | K8: =U8/8 -> 0 | L8: =SUMIF(Sheet1!$F$7:$F$4000,B8,Sheet1!$R$7:$R$4000) -> 0 | M8: =SUMIF(Sheet1!$F$7:$F$4000,B8,Sheet1!$S$7:$S$4000) -> 0 | N8: =SUMIF(Sheet1!$F$7:$F$4000,B8,Sheet1!$T$7:$T$4000) -> 0 | Q8: =SUMIF(Sheet1!$F$7:$F$4000,B8,Sheet1!$J$7:$J$4000) -> 0 | R8: =SUMIF(Sheet1!$F$7:$F$4000,B8,Sheet1!$N$7:$N$4000) -> 0 | S8: =SUMIF(Sheet1!$F$7:$F$4000,B8,Sheet1!$L$7:$L$4000) -> 0 | T8: =SUMIF(Sheet1!$F$7:$F$4000,B8,Sheet1!$O$7:$O$4000) -> 0 | U8: =SUMIF(Sheet1!$F$7:$F$4000,B8,Sheet1!$P$7:$P$4000) -> 0 | V8: =W8+X8 -> 0 | W8: =Q8+R8+F8 -> 0 | X8: =L8+M8+N8+T8+U8 -> 0 | Y8: =SUMIF(Sheet1!$F$7:$F$4000,B8,Sheet1!$Q$7:$Q$4000) -> 0 | Z8: =Q8+F8 -> 0 | AB8: 4 | AC8: =Sheet1!$A$1-1 -> 0 | AD8: =IFERROR(Q8/V8,0) -> 0 | AE8: =IFERROR(F8/V8,0) -> 0 | AF8: =IFERROR((I8+S8)/V8,0) -> 0 | AG8: =IFERROR(X8/V8,0) -> 0
A9: =DATE(C9,AB9,1) -> 122 | B9: =TEXT(AB9*29,"mmm")& "-" & AC9 -> May-0 | C9: =Sheet1!$A$1-1 -> 0 | D9: =IFERROR(VLOOKUP(B9,Sheet1!$F$7:$V$4000,17,0),0) -> 0 | E9: =Q9/8 -> 0 | F9: =SUMIF(Sheet1!$F$7:$F$4000,B9,Sheet1!$K$7:$K$4000) -> 0 | G9: =S9/10.5 -> 0 | H9: =SUMIF(Sheet1!$F$7:$F$4000,B9,Sheet1!$M$7:$M$4000) -> 0 | I9: =(R9-S9)/10.5 -> 0 | J9: =T9/8 -> 0 | K9: =U9/8 -> 0 | L9: =SUMIF(Sheet1!$F$7:$F$4000,B9,Sheet1!$R$7:$R$4000) -> 0 | M9: =SUMIF(Sheet1!$F$7:$F$4000,B9,Sheet1!$S$7:$S$4000) -> 0 | N9: =SUMIF(Sheet1!$F$7:$F$4000,B9,Sheet1!$T$7:$T$4000) -> 0 | Q9: =SUMIF(Sheet1!$F$7:$F$4000,B9,Sheet1!$J$7:$J$4000) -> 0 | R9: =SUMIF(Sheet1!$F$7:$F$4000,B9,Sheet1!$N$7:$N$4000) -> 0 | S9: =SUMIF(Sheet1!$F$7:$F$4000,B9,Sheet1!$L$7:$L$4000) -> 0 | T9: =SUMIF(Sheet1!$F$7:$F$4000,B9,Sheet1!$O$7:$O$4000) -> 0 | U9: =SUMIF(Sheet1!$F$7:$F$4000,B9,Sheet1!$P$7:$P$4000) -> 0 | V9: =W9+X9 -> 0 | W9: =Q9+R9+F9 -> 0 | X9: =L9+M9+N9+T9+U9 -> 0 | Y9: =SUMIF(Sheet1!$F$7:$F$4000,B9,Sheet1!$Q$7:$Q$4000) -> 0 | Z9: =Q9+F9 -> 0 | AB9: 5 | AC9: =Sheet1!$A$1-1 -> 0 | AD9: =IFERROR(Q9/V9,0) -> 0 | AE9: =IFERROR(F9/V9,0) -> 0 | AF9: =IFERROR((I9+S9)/V9,0) -> 0 | AG9: =IFERROR(X9/V9,0) -> 0
A10: =DATE(C10,AB10,1) -> 153 | B10: =TEXT(AB10*29,"mmm")& "-" & AC10 -> Jun-0 | C10: =Sheet1!$A$1-1 -> 0 | D10: =IFERROR(VLOOKUP(B10,Sheet1!$F$7:$V$4000,17,0),0) -> 0 | E10: =Q10/8 -> 0 | F10: =SUMIF(Sheet1!$F$7:$F$4000,B10,Sheet1!$K$7:$K$4000) -> 0 | G10: =S10/10.5 -> 0 | H10: =SUMIF(Sheet1!$F$7:$F$4000,B10,Sheet1!$M$7:$M$4000) -> 0 | I10: =(R10-S10)/10.5 -> 0 | J10: =T10/8 -> 0 | K10: =U10/8 -> 0 | L10: =SUMIF(Sheet1!$F$7:$F$4000,B10,Sheet1!$R$7:$R$4000) -> 0 | M10: =SUMIF(Sheet1!$F$7:$F$4000,B10,Sheet1!$S$7:$S$4000) -> 0 | N10: =SUMIF(Sheet1!$F$7:$F$4000,B10,Sheet1!$T$7:$T$4000) -> 0 | Q10: =SUMIF(Sheet1!$F$7:$F$4000,B10,Sheet1!$J$7:$J$4000) -> 0 | R10: =SUMIF(Sheet1!$F$7:$F$4000,B10,Sheet1!$N$7:$N$4000) -> 0 | S10: =SUMIF(Sheet1!$F$7:$F$4000,B10,Sheet1!$L$7:$L$4000) -> 0 | T10: =SUMIF(Sheet1!$F$7:$F$4000,B10,Sheet1!$O$7:$O$4000) -> 0 | U10: =SUMIF(Sheet1!$F$7:$F$4000,B10,Sheet1!$P$7:$P$4000) -> 0 | V10: =W10+X10 -> 0 | W10: =Q10+R10+F10 -> 0 | X10: =L10+M10+N10+T10+U10 -> 0 | Y10: =SUMIF(Sheet1!$F$7:$F$4000,B10,Sheet1!$Q$7:$Q$4000) -> 0 | Z10: =Q10+F10 -> 0 | AB10: 6 | AC10: =Sheet1!$A$1-1 -> 0 | AD10: =IFERROR(Q10/V10,0) -> 0 | AE10: =IFERROR(F10/V10,0) -> 0 | AF10: =IFERROR((I10+S10)/V10,0) -> 0 | AG10: =IFERROR(X10/V10,0) -> 0
A11: =DATE(C11,AB11,1) -> 183 | B11: =TEXT(AB11*29,"mmm")& "-" & AC11 -> Jul-0 | C11: =Sheet1!$A$1-1 -> 0 | D11: =IFERROR(VLOOKUP(B11,Sheet1!$F$7:$V$4000,17,0),0) -> 0 | E11: =Q11/8 -> 0 | F11: =SUMIF(Sheet1!$F$7:$F$4000,B11,Sheet1!$K$7:$K$4000) -> 0 | G11: =S11/10.5 -> 0 | H11: =SUMIF(Sheet1!$F$7:$F$4000,B11,Sheet1!$M$7:$M$4000) -> 0 | I11: =(R11-S11)/10.5 -> 0 | J11: =T11/8 -> 0 | K11: =U11/8 -> 0 | L11: =SUMIF(Sheet1!$F$7:$F$4000,B11,Sheet1!$R$7:$R$4000) -> 0 | M11: =SUMIF(Sheet1!$F$7:$F$4000,B11,Sheet1!$S$7:$S$4000) -> 0 | N11: =SUMIF(Sheet1!$F$7:$F$4000,B11,Sheet1!$T$7:$T$4000) -> 0 | Q11: =SUMIF(Sheet1!$F$7:$F$4000,B11,Sheet1!$J$7:$J$4000) -> 0 | R11: =SUMIF(Sheet1!$F$7:$F$4000,B11,Sheet1!$N$7:$N$4000) -> 0 | S11: =SUMIF(Sheet1!$F$7:$F$4000,B11,Sheet1!$L$7:$L$4000) -> 0 | T11: =SUMIF(Sheet1!$F$7:$F$4000,B11,Sheet1!$O$7:$O$4000) -> 0 | U11: =SUMIF(Sheet1!$F$7:$F$4000,B11,Sheet1!$P$7:$P$4000) -> 0 | V11: =W11+X11 -> 0 | W11: =Q11+R11+F11 -> 0 | X11: =L11+M11+N11+T11+U11 -> 0 | Y11: =SUMIF(Sheet1!$F$7:$F$4000,B11,Sheet1!$Q$7:$Q$4000) -> 0 | Z11: =Q11+F11 -> 0 | AB11: 7 | AC11: =Sheet1!$A$1-1 -> 0 | AD11: =IFERROR(Q11/V11,0) -> 0 | AE11: =IFERROR(F11/V11,0) -> 0 | AF11: =IFERROR((I11+S11)/V11,0) -> 0 | AG11: =IFERROR(X11/V11,0) -> 0
A12: =DATE(C12,AB12,1) -> 214 | B12: =TEXT(AB12*29,"mmm")& "-" & AC12 -> Aug-0 | C12: =Sheet1!$A$1-1 -> 0 | D12: =IFERROR(VLOOKUP(B12,Sheet1!$F$7:$V$4000,17,0),0) -> 0 | E12: =Q12/8 -> 0 | F12: =SUMIF(Sheet1!$F$7:$F$4000,B12,Sheet1!$K$7:$K$4000) -> 0 | G12: =S12/10.5 -> 0 | H12: =SUMIF(Sheet1!$F$7:$F$4000,B12,Sheet1!$M$7:$M$4000) -> 0 | I12: =(R12-S12)/10.5 -> 0 | J12: =T12/8 -> 0 | K12: =U12/8 -> 0 | L12: =SUMIF(Sheet1!$F$7:$F$4000,B12,Sheet1!$R$7:$R$4000) -> 0 | M12: =SUMIF(Sheet1!$F$7:$F$4000,B12,Sheet1!$S$7:$S$4000) -> 0 | N12: =SUMIF(Sheet1!$F$7:$F$4000,B12,Sheet1!$T$7:$T$4000) -> 0 | Q12: =SUMIF(Sheet1!$F$7:$F$4000,B12,Sheet1!$J$7:$J$4000) -> 0 | R12: =SUMIF(Sheet1!$F$7:$F$4000,B12,Sheet1!$N$7:$N$4000) -> 0 | S12: =SUMIF(Sheet1!$F$7:$F$4000,B12,Sheet1!$L$7:$L$4000) -> 0 | T12: =SUMIF(Sheet1!$F$7:$F$4000,B12,Sheet1!$O$7:$O$4000) -> 0 | U12: =SUMIF(Sheet1!$F$7:$F$4000,B12,Sheet1!$P$7:$P$4000) -> 0 | V12: =W12+X12 -> 0 | W12: =Q12+R12+F12 -> 0 | X12: =L12+M12+N12+T12+U12 -> 0 | Y12: =SUMIF(Sheet1!$F$7:$F$4000,B12,Sheet1!$Q$7:$Q$4000) -> 0 | Z12: =Q12+F12 -> 0 | AB12: 8 | AC12: =Sheet1!$A$1-1 -> 0 | AD12: =IFERROR(Q12/V12,0) -> 0 | AE12: =IFERROR(F12/V12,0) -> 0 | AF12: =IFERROR((I12+S12)/V12,0) -> 0 | AG12: =IFERROR(X12/V12,0) -> 0
A13: =DATE(C13,AB13,1) -> 245 | B13: =TEXT(AB13*29,"mmm")& "-" & AC13 -> Sep-0 | C13: =Sheet1!$A$1-1 -> 0 | D13: =IFERROR(VLOOKUP(B13,Sheet1!$F$7:$V$4000,17,0),0) -> 0 | E13: =Q13/8 -> 0 | F13: =SUMIF(Sheet1!$F$7:$F$4000,B13,Sheet1!$K$7:$K$4000) -> 0 | G13: =S13/10.5 -> 0 | H13: =SUMIF(Sheet1!$F$7:$F$4000,B13,Sheet1!$M$7:$M$4000) -> 0 | I13: =(R13-S13)/10.5 -> 0 | J13: =T13/8 -> 0 | K13: =U13/8 -> 0 | L13: =SUMIF(Sheet1!$F$7:$F$4000,B13,Sheet1!$R$7:$R$4000) -> 0 | M13: =SUMIF(Sheet1!$F$7:$F$4000,B13,Sheet1!$S$7:$S$4000) -> 0 | N13: =SUMIF(Sheet1!$F$7:$F$4000,B13,Sheet1!$T$7:$T$4000) -> 0 | Q13: =SUMIF(Sheet1!$F$7:$F$4000,B13,Sheet1!$J$7:$J$4000) -> 0 | R13: =SUMIF(Sheet1!$F$7:$F$4000,B13,Sheet1!$N$7:$N$4000) -> 0 | S13: =SUMIF(Sheet1!$F$7:$F$4000,B13,Sheet1!$L$7:$L$4000) -> 0 | T13: =SUMIF(Sheet1!$F$7:$F$4000,B13,Sheet1!$O$7:$O$4000) -> 0 | U13: =SUMIF(Sheet1!$F$7:$F$4000,B13,Sheet1!$P$7:$P$4000) -> 0 | V13: =W13+X13 -> 0 | W13: =Q13+R13+F13 -> 0 | X13: =L13+M13+N13+T13+U13 -> 0 | Y13: =SUMIF(Sheet1!$F$7:$F$4000,B13,Sheet1!$Q$7:$Q$4000) -> 0 | Z13: =Q13+F13 -> 0 | AB13: 9 | AC13: =Sheet1!$A$1-1 -> 0 | AD13: =IFERROR(Q13/V13,0) -> 0 | AE13: =IFERROR(F13/V13,0) -> 0 | AF13: =IFERROR((I13+S13)/V13,0) -> 0 | AG13: =IFERROR(X13/V13,0) -> 0
A14: =DATE(C14,AB14,1) -> 275 | B14: =TEXT(AB14*29,"mmm")& "-" & AC14 -> Oct-0 | C14: =Sheet1!$A$1-1 -> 0 | D14: =IFERROR(VLOOKUP(B14,Sheet1!$F$7:$V$4000,17,0),0) -> 0 | E14: =Q14/8 -> 0 | F14: =SUMIF(Sheet1!$F$7:$F$4000,B14,Sheet1!$K$7:$K$4000) -> 0 | G14: =S14/10.5 -> 0 | H14: =SUMIF(Sheet1!$F$7:$F$4000,B14,Sheet1!$M$7:$M$4000) -> 0 | I14: =(R14-S14)/10.5 -> 0 | J14: =T14/8 -> 0 | K14: =U14/8 -> 0 | L14: =SUMIF(Sheet1!$F$7:$F$4000,B14,Sheet1!$R$7:$R$4000) -> 0 | M14: =SUMIF(Sheet1!$F$7:$F$4000,B14,Sheet1!$S$7:$S$4000) -> 0 | N14: =SUMIF(Sheet1!$F$7:$F$4000,B14,Sheet1!$T$7:$T$4000) -> 0 | Q14: =SUMIF(Sheet1!$F$7:$F$4000,B14,Sheet1!$J$7:$J$4000) -> 0 | R14: =SUMIF(Sheet1!$F$7:$F$4000,B14,Sheet1!$N$7:$N$4000) -> 0 | S14: =SUMIF(Sheet1!$F$7:$F$4000,B14,Sheet1!$L$7:$L$4000) -> 0 | T14: =SUMIF(Sheet1!$F$7:$F$4000,B14,Sheet1!$O$7:$O$4000) -> 0 | U14: =SUMIF(Sheet1!$F$7:$F$4000,B14,Sheet1!$P$7:$P$4000) -> 0 | V14: =W14+X14 -> 0 | W14: =Q14+R14+F14 -> 0 | X14: =L14+M14+N14+T14+U14 -> 0 | Y14: =SUMIF(Sheet1!$F$7:$F$4000,B14,Sheet1!$Q$7:$Q$4000) -> 0 | Z14: =Q14+F14 -> 0 | AB14: 10 | AC14: =Sheet1!$A$1-1 -> 0 | AD14: =IFERROR(Q14/V14,0) -> 0 | AE14: =IFERROR(F14/V14,0) -> 0 | AF14: =IFERROR((I14+S14)/V14,0) -> 0 | AG14: =IFERROR(X14/V14,0) -> 0
A15: =DATE(C15,AB15,1) -> 306 | B15: =TEXT(AB15*29,"mmm")& "-" & AC15 -> Nov-0 | C15: =Sheet1!$A$1-1 -> 0 | D15: =IFERROR(VLOOKUP(B15,Sheet1!$F$7:$V$4000,17,0),0) -> 0 | E15: =Q15/8 -> 0 | F15: =SUMIF(Sheet1!$F$7:$F$4000,B15,Sheet1!$K$7:$K$4000) -> 0 | G15: =S15/10.5 -> 0 | H15: =SUMIF(Sheet1!$F$7:$F$4000,B15,Sheet1!$M$7:$M$4000) -> 0 | I15: =(R15-S15)/10.5 -> 0 | J15: =T15/8 -> 0 | K15: =U15/8 -> 0 | L15: =SUMIF(Sheet1!$F$7:$F$4000,B15,Sheet1!$R$7:$R$4000) -> 0 | M15: =SUMIF(Sheet1!$F$7:$F$4000,B15,Sheet1!$S$7:$S$4000) -> 0 | N15: =SUMIF(Sheet1!$F$7:$F$4000,B15,Sheet1!$T$7:$T$4000) -> 0 | Q15: =SUMIF(Sheet1!$F$7:$F$4000,B15,Sheet1!$J$7:$J$4000) -> 0 | R15: =SUMIF(Sheet1!$F$7:$F$4000,B15,Sheet1!$N$7:$N$4000) -> 0 | S15: =SUMIF(Sheet1!$F$7:$F$4000,B15,Sheet1!$L$7:$L$4000) -> 0 | T15: =SUMIF(Sheet1!$F$7:$F$4000,B15,Sheet1!$O$7:$O$4000) -> 0 | U15: =SUMIF(Sheet1!$F$7:$F$4000,B15,Sheet1!$P$7:$P$4000) -> 0 | V15: =W15+X15 -> 0 | W15: =Q15+R15+F15 -> 0 | X15: =L15+M15+N15+T15+U15 -> 0 | Y15: =SUMIF(Sheet1!$F$7:$F$4000,B15,Sheet1!$Q$7:$Q$4000) -> 0 | Z15: =Q15+F15 -> 0 | AB15: 11 | AC15: =Sheet1!$A$1-1 -> 0 | AD15: =IFERROR(Q15/V15,0) -> 0 | AE15: =IFERROR(F15/V15,0) -> 0 | AF15: =IFERROR((I15+S15)/V15,0) -> 0 | AG15: =IFERROR(X15/V15,0) -> 0
A16: =DATE(C16,AB16,1) -> 336 | B16: =TEXT(AB16*29,"mmm")& "-" & AC16 -> Dec-0 | C16: =Sheet1!$A$1-1 -> 0 | D16: =IFERROR(VLOOKUP(B16,Sheet1!$F$7:$V$4000,17,0),0) -> 0 | E16: =Q16/8 -> 0 | F16: =SUMIF(Sheet1!$F$7:$F$4000,B16,Sheet1!$K$7:$K$4000) -> 0 | G16: =S16/10.5 -> 0 | H16: =SUMIF(Sheet1!$F$7:$F$4000,B16,Sheet1!$M$7:$M$4000) -> 0 | I16: =(R16-S16)/10.5 -> 0 | J16: =T16/8 -> 0 | K16: =U16/8 -> 0 | L16: =SUMIF(Sheet1!$F$7:$F$4000,B16,Sheet1!$R$7:$R$4000) -> 0 | M16: =SUMIF(Sheet1!$F$7:$F$4000,B16,Sheet1!$S$7:$S$4000) -> 0 | N16: =SUMIF(Sheet1!$F$7:$F$4000,B16,Sheet1!$T$7:$T$4000) -> 0 | Q16: =SUMIF(Sheet1!$F$7:$F$4000,B16,Sheet1!$J$7:$J$4000) -> 0 | R16: =SUMIF(Sheet1!$F$7:$F$4000,B16,Sheet1!$N$7:$N$4000) -> 0 | S16: =SUMIF(Sheet1!$F$7:$F$4000,B16,Sheet1!$L$7:$L$4000) -> 0 | T16: =SUMIF(Sheet1!$F$7:$F$4000,B16,Sheet1!$O$7:$O$4000) -> 0 | U16: =SUMIF(Sheet1!$F$7:$F$4000,B16,Sheet1!$P$7:$P$4000) -> 0 | V16: =W16+X16 -> 0 | W16: =Q16+R16+F16 -> 0 | X16: =L16+M16+N16+T16+U16 -> 0 | Y16: =SUMIF(Sheet1!$F$7:$F$4000,B16,Sheet1!$Q$7:$Q$4000) -> 0 | Z16: =Q16+F16 -> 0 | AB16: 12 | AC16: =Sheet1!$A$1-1 -> 0 | AD16: =IFERROR(Q16/V16,0) -> 0 | AE16: =IFERROR(F16/V16,0) -> 0 | AF16: =IFERROR((I16+S16)/V16,0) -> 0 | AG16: =IFERROR(X16/V16,0) -> 0
A17: =DATE(C17,AB17,1) -> 367 | B17: =TEXT(AB17*29,"mmm")& "-" & AC17 -> Jan-1 | C17: =Sheet1!$A$1 -> 1 | D17: =IFERROR(VLOOKUP(B17,Sheet1!$F$7:$V$4000,17,0),0) -> 0 | E17: =Q17/8 -> 0 | F17: =SUMIF(Sheet1!$F$7:$F$4000,B17,Sheet1!$K$7:$K$4000) -> 0 | G17: =S17/10.5 -> 0 | H17: =SUMIF(Sheet1!$F$7:$F$4000,B17,Sheet1!$M$7:$M$4000) -> 0 | I17: =(R17-S17)/10.5 -> 0 | J17: =T17/8 -> 0 | K17: =U17/8 -> 0 | L17: =SUMIF(Sheet1!$F$7:$F$4000,B17,Sheet1!$R$7:$R$4000) -> 0 | M17: =SUMIF(Sheet1!$F$7:$F$4000,B17,Sheet1!$S$7:$S$4000) -> 0 | N17: =SUMIF(Sheet1!$F$7:$F$4000,B17,Sheet1!$T$7:$T$4000) -> 0 | Q17: =SUMIF(Sheet1!$F$7:$F$4000,B17,Sheet1!$J$7:$J$4000) -> 0 | R17: =SUMIF(Sheet1!$F$7:$F$4000,B17,Sheet1!$N$7:$N$4000) -> 0 | S17: =SUMIF(Sheet1!$F$7:$F$4000,B17,Sheet1!$L$7:$L$4000) -> 0 | T17: =SUMIF(Sheet1!$F$7:$F$4000,B17,Sheet1!$O$7:$O$4000) -> 0 | U17: =SUMIF(Sheet1!$F$7:$F$4000,B17,Sheet1!$P$7:$P$4000) -> 0 | V17: =W17+X17 -> 0 | W17: =Q17+R17+F17 -> 0 | X17: =L17+M17+N17+T17+U17 -> 0 | Y17: =SUMIF(Sheet1!$F$7:$F$4000,B17,Sheet1!$Q$7:$Q$4000) -> 0 | Z17: =Q17+F17 -> 0 | AB17: 1 | AC17: =Sheet1!$A$1 -> 1 | AD17: =IFERROR(Q17/V17,0) -> 0 | AE17: =IFERROR(F17/V17,0) -> 0 | AF17: =IFERROR((I17+S17)/V17,0) -> 0 | AG17: =IFERROR(X17/V17,0) -> 0
A18: =DATE(C18,AB18,1) -> 398 | B18: =TEXT(AB18*29,"mmm")& "-" & AC18 -> Feb-1 | C18: =Sheet1!$A$1 -> 1 | D18: =IFERROR(VLOOKUP(B18,Sheet1!$F$7:$V$4000,17,0),0) -> 0 | E18: =Q18/8 -> 0 | F18: =SUMIF(Sheet1!$F$7:$F$4000,B18,Sheet1!$K$7:$K$4000) -> 0 | G18: =S18/10.5 -> 0 | H18: =SUMIF(Sheet1!$F$7:$F$4000,B18,Sheet1!$M$7:$M$4000) -> 0 | I18: =(R18-S18)/10.5 -> 0 | J18: =T18/8 -> 0 | K18: =U18/8 -> 0 | L18: =SUMIF(Sheet1!$F$7:$F$4000,B18,Sheet1!$R$7:$R$4000) -> 0 | M18: =SUMIF(Sheet1!$F$7:$F$4000,B18,Sheet1!$S$7:$S$4000) -> 0 | N18: =SUMIF(Sheet1!$F$7:$F$4000,B18,Sheet1!$T$7:$T$4000) -> 0 | Q18: =SUMIF(Sheet1!$F$7:$F$4000,B18,Sheet1!$J$7:$J$4000) -> 0 | R18: =SUMIF(Sheet1!$F$7:$F$4000,B18,Sheet1!$N$7:$N$4000) -> 0 | S18: =SUMIF(Sheet1!$F$7:$F$4000,B18,Sheet1!$L$7:$L$4000) -> 0 | T18: =SUMIF(Sheet1!$F$7:$F$4000,B18,Sheet1!$O$7:$O$4000) -> 0 | U18: =SUMIF(Sheet1!$F$7:$F$4000,B18,Sheet1!$P$7:$P$4000) -> 0 | V18: =W18+X18 -> 0 | W18: =Q18+R18+F18 -> 0 | X18: =L18+M18+N18+T18+U18 -> 0 | Y18: =SUMIF(Sheet1!$F$7:$F$4000,B18,Sheet1!$Q$7:$Q$4000) -> 0 | Z18: =Q18+F18 -> 0 | AB18: 2 | AC18: =Sheet1!$A$1 -> 1 | AD18: =IFERROR(Q18/V18,0) -> 0 | AE18: =IFERROR(F18/V18,0) -> 0 | AF18: =IFERROR((I18+S18)/V18,0) -> 0 | AG18: =IFERROR(X18/V18,0) -> 0
A19: =DATE(C19,AB19,1) -> 426 | B19: =TEXT(AB19*29,"mmm")& "-" & AC19 -> Mar-1 | C19: =Sheet1!$A$1 -> 1 | D19: =IFERROR(VLOOKUP(B19,Sheet1!$F$7:$V$4000,17,0),0) -> 0 | E19: =Q19/8 -> 0 | F19: =SUMIF(Sheet1!$F$7:$F$4000,B19,Sheet1!$K$7:$K$4000) -> 0 | G19: =S19/10.5 -> 0 | H19: =SUMIF(Sheet1!$F$7:$F$4000,B19,Sheet1!$M$7:$M$4000) -> 0 | I19: =(R19-S19)/10.5 -> 0 | J19: =T19/8 -> 0 | K19: =U19/8 -> 0 | L19: =SUMIF(Sheet1!$F$7:$F$4000,B19,Sheet1!$R$7:$R$4000) -> 0 | M19: =SUMIF(Sheet1!$F$7:$F$4000,B19,Sheet1!$S$7:$S$4000) -> 0 | N19: =SUMIF(Sheet1!$F$7:$F$4000,B19,Sheet1!$T$7:$T$4000) -> 0 | Q19: =SUMIF(Sheet1!$F$7:$F$4000,B19,Sheet1!$J$7:$J$4000) -> 0 | R19: =SUMIF(Sheet1!$F$7:$F$4000,B19,Sheet1!$N$7:$N$4000) -> 0 | S19: =SUMIF(Sheet1!$F$7:$F$4000,B19,Sheet1!$L$7:$L$4000) -> 0 | T19: =SUMIF(Sheet1!$F$7:$F$4000,B19,Sheet1!$O$7:$O$4000) -> 0 | U19: =SUMIF(Sheet1!$F$7:$F$4000,B19,Sheet1!$P$7:$P$4000) -> 0 | V19: =W19+X19 -> 0 | W19: =Q19+R19+F19 -> 0 | X19: =L19+M19+N19+T19+U19 -> 0 | Y19: =SUMIF(Sheet1!$F$7:$F$4000,B19,Sheet1!$Q$7:$Q$4000) -> 0 | Z19: =Q19+F19 -> 0 | AB19: 3 | AC19: =Sheet1!$A$1 -> 1 | AD19: =IFERROR(Q19/V19,0) -> 0 | AE19: =IFERROR(F19/V19,0) -> 0 | AF19: =IFERROR((I19+S19)/V19,0) -> 0 | AG19: =IFERROR(X19/V19,0) -> 0
A20: =DATE(C20,AB20,1) -> 457 | B20: =TEXT(AB20*29,"mmm")& "-" & AC20 -> Apr-1 | C20: =Sheet1!$A$1 -> 1 | D20: =IFERROR(VLOOKUP(B20,Sheet1!$F$7:$V$4000,17,0),0) -> 0 | E20: =Q20/8 -> 0 | F20: =SUMIF(Sheet1!$F$7:$F$4000,B20,Sheet1!$K$7:$K$4000) -> 0 | G20: =S20/10.5 -> 0 | H20: =SUMIF(Sheet1!$F$7:$F$4000,B20,Sheet1!$M$7:$M$4000) -> 0 | I20: =(R20-S20)/10.5 -> 0 | J20: =T20/8 -> 0 | K20: =U20/8 -> 0 | L20: =SUMIF(Sheet1!$F$7:$F$4000,B20,Sheet1!$R$7:$R$4000) -> 0 | M20: =SUMIF(Sheet1!$F$7:$F$4000,B20,Sheet1!$S$7:$S$4000) -> 0 | N20: =SUMIF(Sheet1!$F$7:$F$4000,B20,Sheet1!$T$7:$T$4000) -> 0 | Q20: =SUMIF(Sheet1!$F$7:$F$4000,B20,Sheet1!$J$7:$J$4000) -> 0 | R20: =SUMIF(Sheet1!$F$7:$F$4000,B20,Sheet1!$N$7:$N$4000) -> 0 | S20: =SUMIF(Sheet1!$F$7:$F$4000,B20,Sheet1!$L$7:$L$4000) -> 0 | T20: =SUMIF(Sheet1!$F$7:$F$4000,B20,Sheet1!$O$7:$O$4000) -> 0 | U20: =SUMIF(Sheet1!$F$7:$F$4000,B20,Sheet1!$P$7:$P$4000) -> 0 | V20: =W20+X20 -> 0 | W20: =Q20+R20+F20 -> 0 | X20: =L20+M20+N20+T20+U20 -> 0 | Y20: =SUMIF(Sheet1!$F$7:$F$4000,B20,Sheet1!$Q$7:$Q$4000) -> 0 | Z20: =Q20+F20 -> 0 | AB20: 4 | AC20: =Sheet1!$A$1 -> 1 | AD20: =IFERROR(Q20/V20,0) -> 0 | AE20: =IFERROR(F20/V20,0) -> 0 | AF20: =IFERROR((I20+S20)/V20,0) -> 0 | AG20: =IFERROR(X20/V20,0) -> 0
A21: =DATE(C21,AB21,1) -> 487 | B21: =TEXT(AB21*29,"mmm")& "-" & AC21 -> May-1 | C21: =Sheet1!$A$1 -> 1 | D21: =IFERROR(VLOOKUP(B21,Sheet1!$F$7:$V$4000,17,0),0) -> 0 | E21: =Q21/8 -> 0 | F21: =SUMIF(Sheet1!$F$7:$F$4000,B21,Sheet1!$K$7:$K$4000) -> 0 | G21: =S21/10.5 -> 0 | H21: =SUMIF(Sheet1!$F$7:$F$4000,B21,Sheet1!$M$7:$M$4000) -> 0 | I21: =(R21-S21)/10.5 -> 0 | J21: =T21/8 -> 0 | K21: =U21/8 -> 0 | L21: =SUMIF(Sheet1!$F$7:$F$4000,B21,Sheet1!$R$7:$R$4000) -> 0 | M21: =SUMIF(Sheet1!$F$7:$F$4000,B21,Sheet1!$S$7:$S$4000) -> 0 | N21: =SUMIF(Sheet1!$F$7:$F$4000,B21,Sheet1!$T$7:$T$4000) -> 0 | Q21: =SUMIF(Sheet1!$F$7:$F$4000,B21,Sheet1!$J$7:$J$4000) -> 0 | R21: =SUMIF(Sheet1!$F$7:$F$4000,B21,Sheet1!$N$7:$N$4000) -> 0 | S21: =SUMIF(Sheet1!$F$7:$F$4000,B21,Sheet1!$L$7:$L$4000) -> 0 | T21: =SUMIF(Sheet1!$F$7:$F$4000,B21,Sheet1!$O$7:$O$4000) -> 0 | U21: =SUMIF(Sheet1!$F$7:$F$4000,B21,Sheet1!$P$7:$P$4000) -> 0 | V21: =W21+X21 -> 0 | W21: =Q21+R21+F21 -> 0 | X21: =L21+M21+N21+T21+U21 -> 0 | Y21: =SUMIF(Sheet1!$F$7:$F$4000,B21,Sheet1!$Q$7:$Q$4000) -> 0 | Z21: =Q21+F21 -> 0 | AB21: 5 | AC21: =Sheet1!$A$1 -> 1 | AD21: =IFERROR(Q21/V21,0) -> 0 | AE21: =IFERROR(F21/V21,0) -> 0 | AF21: =IFERROR((I21+S21)/V21,0) -> 0 | AG21: =IFERROR(X21/V21,0) -> 0
A22: =DATE(C22,AB22,1) -> 518 | B22: =TEXT(AB22*29,"mmm")& "-" & AC22 -> Jun-1 | C22: =Sheet1!$A$1 -> 1 | D22: =IFERROR(VLOOKUP(B22,Sheet1!$F$7:$V$4000,17,0),0) -> 0 | E22: =Q22/8 -> 0 | F22: =SUMIF(Sheet1!$F$7:$F$4000,B22,Sheet1!$K$7:$K$4000) -> 0 | G22: =S22/10.5 -> 0 | H22: =SUMIF(Sheet1!$F$7:$F$4000,B22,Sheet1!$M$7:$M$4000) -> 0 | I22: =(R22-S22)/10.5 -> 0 | J22: =T22/8 -> 0 | K22: =U22/8 -> 0 | L22: =SUMIF(Sheet1!$F$7:$F$4000,B22,Sheet1!$R$7:$R$4000) -> 0 | M22: =SUMIF(Sheet1!$F$7:$F$4000,B22,Sheet1!$S$7:$S$4000) -> 0 | N22: =SUMIF(Sheet1!$F$7:$F$4000,B22,Sheet1!$T$7:$T$4000) -> 0 | Q22: =SUMIF(Sheet1!$F$7:$F$4000,B22,Sheet1!$J$7:$J$4000) -> 0 | R22: =SUMIF(Sheet1!$F$7:$F$4000,B22,Sheet1!$N$7:$N$4000) -> 0 | S22: =SUMIF(Sheet1!$F$7:$F$4000,B22,Sheet1!$L$7:$L$4000) -> 0 | T22: =SUMIF(Sheet1!$F$7:$F$4000,B22,Sheet1!$O$7:$O$4000) -> 0 | U22: =SUMIF(Sheet1!$F$7:$F$4000,B22,Sheet1!$P$7:$P$4000) -> 0 | V22: =W22+X22 -> 0 | W22: =Q22+R22+F22 -> 0 | X22: =L22+M22+N22+T22+U22 -> 0 | Y22: =SUMIF(Sheet1!$F$7:$F$4000,B22,Sheet1!$Q$7:$Q$4000) -> 0 | Z22: =Q22+F22 -> 0 | AB22: 6 | AC22: =Sheet1!$A$1 -> 1 | AD22: =IFERROR(Q22/V22,0) -> 0 | AE22: =IFERROR(F22/V22,0) -> 0 | AF22: =IFERROR((I22+S22)/V22,0) -> 0 | AG22: =IFERROR(X22/V22,0) -> 0
A23: =DATE(C23,AB23,1) -> 548 | B23: =TEXT(AB23*29,"mmm")& "-" & AC23 -> Jul-1 | C23: =Sheet1!$A$1 -> 1 | D23: =IFERROR(VLOOKUP(B23,Sheet1!$F$7:$V$4000,17,0),0) -> 0 | E23: =Q23/8 -> 0 | F23: =SUMIF(Sheet1!$F$7:$F$4000,B23,Sheet1!$K$7:$K$4000) -> 0 | G23: =S23/10.5 -> 0 | H23: =SUMIF(Sheet1!$F$7:$F$4000,B23,Sheet1!$M$7:$M$4000) -> 0 | I23: =(R23-S23)/10.5 -> 0 | J23: =T23/8 -> 0 | K23: =U23/8 -> 0 | L23: =SUMIF(Sheet1!$F$7:$F$4000,B23,Sheet1!$R$7:$R$4000) -> 0 | M23: =SUMIF(Sheet1!$F$7:$F$4000,B23,Sheet1!$S$7:$S$4000) -> 0 | N23: =SUMIF(Sheet1!$F$7:$F$4000,B23,Sheet1!$T$7:$T$4000) -> 0 | Q23: =SUMIF(Sheet1!$F$7:$F$4000,B23,Sheet1!$J$7:$J$4000) -> 0 | R23: =SUMIF(Sheet1!$F$7:$F$4000,B23,Sheet1!$N$7:$N$4000) -> 0 | S23: =SUMIF(Sheet1!$F$7:$F$4000,B23,Sheet1!$L$7:$L$4000) -> 0 | T23: =SUMIF(Sheet1!$F$7:$F$4000,B23,Sheet1!$O$7:$O$4000) -> 0 | U23: =SUMIF(Sheet1!$F$7:$F$4000,B23,Sheet1!$P$7:$P$4000) -> 0 | V23: =W23+X23 -> 0 | W23: =Q23+R23+F23 -> 0 | X23: =L23+M23+N23+T23+U23 -> 0 | Y23: =SUMIF(Sheet1!$F$7:$F$4000,B23,Sheet1!$Q$7:$Q$4000) -> 0 | Z23: =Q23+F23 -> 0 | AB23: 7 | AC23: =Sheet1!$A$1 -> 1 | AD23: =IFERROR(Q23/V23,0) -> 0 | AE23: =IFERROR(F23/V23,0) -> 0 | AF23: =IFERROR((I23+S23)/V23,0) -> 0 | AG23: =IFERROR(X23/V23,0) -> 0
A24: =DATE(C24,AB24,1) -> 579 | B24: =TEXT(AB24*29,"mmm")& "-" & AC24 -> Aug-1 | C24: =Sheet1!$A$1 -> 1 | D24: =IFERROR(VLOOKUP(B24,Sheet1!$F$7:$V$4000,17,0),0) -> 0 | E24: =Q24/8 -> 0 | F24: =SUMIF(Sheet1!$F$7:$F$4000,B24,Sheet1!$K$7:$K$4000) -> 0 | G24: =S24/10.5 -> 0 | H24: =SUMIF(Sheet1!$F$7:$F$4000,B24,Sheet1!$M$7:$M$4000) -> 0 | I24: =(R24-S24)/10.5 -> 0 | J24: =T24/8 -> 0 | K24: =U24/8 -> 0 | L24: =SUMIF(Sheet1!$F$7:$F$4000,B24,Sheet1!$R$7:$R$4000) -> 0 | M24: =SUMIF(Sheet1!$F$7:$F$4000,B24,Sheet1!$S$7:$S$4000) -> 0 | N24: =SUMIF(Sheet1!$F$7:$F$4000,B24,Sheet1!$T$7:$T$4000) -> 0 | Q24: =SUMIF(Sheet1!$F$7:$F$4000,B24,Sheet1!$J$7:$J$4000) -> 0 | R24: =SUMIF(Sheet1!$F$7:$F$4000,B24,Sheet1!$N$7:$N$4000) -> 0 | S24: =SUMIF(Sheet1!$F$7:$F$4000,B24,Sheet1!$L$7:$L$4000) -> 0 | T24: =SUMIF(Sheet1!$F$7:$F$4000,B24,Sheet1!$O$7:$O$4000) -> 0 | U24: =SUMIF(Sheet1!$F$7:$F$4000,B24,Sheet1!$P$7:$P$4000) -> 0 | V24: =W24+X24 -> 0 | W24: =Q24+R24+F24 -> 0 | X24: =L24+M24+N24+T24+U24 -> 0 | Y24: =SUMIF(Sheet1!$F$7:$F$4000,B24,Sheet1!$Q$7:$Q$4000) -> 0 | Z24: =Q24+F24 -> 0 | AB24: 8 | AC24: =Sheet1!$A$1 -> 1 | AD24: =IFERROR(Q24/V24,0) -> 0 | AE24: =IFERROR(F24/V24,0) -> 0 | AF24: =IFERROR((I24+S24)/V24,0) -> 0 | AG24: =IFERROR(X24/V24,0) -> 0
A25: =DATE(C25,AB25,1) -> 610 | B25: =TEXT(AB25*29,"mmm")& "-" & AC25 -> Sep-1 | C25: =Sheet1!$A$1 -> 1 | D25: =IFERROR(VLOOKUP(B25,Sheet1!$F$7:$V$4000,17,0),0) -> 0 | E25: =Q25/8 -> 0 | F25: =SUMIF(Sheet1!$F$7:$F$4000,B25,Sheet1!$K$7:$K$4000) -> 0 | G25: =S25/10.5 -> 0 | H25: =SUMIF(Sheet1!$F$7:$F$4000,B25,Sheet1!$M$7:$M$4000) -> 0 | I25: =(R25-S25)/10.5 -> 0 | J25: =T25/8 -> 0 | K25: =U25/8 -> 0 | L25: =SUMIF(Sheet1!$F$7:$F$4000,B25,Sheet1!$R$7:$R$4000) -> 0 | M25: =SUMIF(Sheet1!$F$7:$F$4000,B25,Sheet1!$S$7:$S$4000) -> 0 | N25: =SUMIF(Sheet1!$F$7:$F$4000,B25,Sheet1!$T$7:$T$4000) -> 0 | Q25: =SUMIF(Sheet1!$F$7:$F$4000,B25,Sheet1!$J$7:$J$4000) -> 0 | R25: =SUMIF(Sheet1!$F$7:$F$4000,B25,Sheet1!$N$7:$N$4000) -> 0 | S25: =SUMIF(Sheet1!$F$7:$F$4000,B25,Sheet1!$L$7:$L$4000) -> 0 | T25: =SUMIF(Sheet1!$F$7:$F$4000,B25,Sheet1!$O$7:$O$4000) -> 0 | U25: =SUMIF(Sheet1!$F$7:$F$4000,B25,Sheet1!$P$7:$P$4000) -> 0 | V25: =W25+X25 -> 0 | W25: =Q25+R25+F25 -> 0 | X25: =L25+M25+N25+T25+U25 -> 0 | Y25: =SUMIF(Sheet1!$F$7:$F$4000,B25,Sheet1!$Q$7:$Q$4000) -> 0 | Z25: =Q25+F25 -> 0 | AB25: 9 | AC25: =Sheet1!$A$1 -> 1 | AD25: =IFERROR(Q25/V25,0) -> 0 | AE25: =IFERROR(F25/V25,0) -> 0 | AF25: =IFERROR((I25+S25)/V25,0) -> 0 | AG25: =IFERROR(X25/V25,0) -> 0
A26: =DATE(C26,AB26,1) -> 640 | B26: =TEXT(AB26*29,"mmm")& "-" & AC26 -> Oct-1 | C26: =Sheet1!$A$1 -> 1 | D26: =IFERROR(VLOOKUP(B26,Sheet1!$F$7:$V$4000,17,0),0) -> 0 | E26: =Q26/8 -> 0 | F26: =SUMIF(Sheet1!$F$7:$F$4000,B26,Sheet1!$K$7:$K$4000) -> 0 | G26: =S26/10.5 -> 0 | H26: =SUMIF(Sheet1!$F$7:$F$4000,B26,Sheet1!$M$7:$M$4000) -> 0 | I26: =(R26-S26)/10.5 -> 0 | J26: =T26/8 -> 0 | K26: =U26/8 -> 0 | L26: =SUMIF(Sheet1!$F$7:$F$4000,B26,Sheet1!$R$7:$R$4000) -> 0 | M26: =SUMIF(Sheet1!$F$7:$F$4000,B26,Sheet1!$S$7:$S$4000) -> 0 | N26: =SUMIF(Sheet1!$F$7:$F$4000,B26,Sheet1!$T$7:$T$4000) -> 0 | Q26: =SUMIF(Sheet1!$F$7:$F$4000,B26,Sheet1!$J$7:$J$4000) -> 0 | R26: =SUMIF(Sheet1!$F$7:$F$4000,B26,Sheet1!$N$7:$N$4000) -> 0 | S26: =SUMIF(Sheet1!$F$7:$F$4000,B26,Sheet1!$L$7:$L$4000) -> 0 | T26: =SUMIF(Sheet1!$F$7:$F$4000,B26,Sheet1!$O$7:$O$4000) -> 0 | U26: =SUMIF(Sheet1!$F$7:$F$4000,B26,Sheet1!$P$7:$P$4000) -> 0 | V26: =W26+X26 -> 0 | W26: =Q26+R26+F26 -> 0 | X26: =L26+M26+N26+T26+U26 -> 0 | Y26: =SUMIF(Sheet1!$F$7:$F$4000,B26,Sheet1!$Q$7:$Q$4000) -> 0 | Z26: =Q26+F26 -> 0 | AB26: 10 | AC26: =Sheet1!$A$1 -> 1 | AD26: =IFERROR(Q26/V26,0) -> 0 | AE26: =IFERROR(F26/V26,0) -> 0 | AF26: =IFERROR((I26+S26)/V26,0) -> 0 | AG26: =IFERROR(X26/V26,0) -> 0
A27: =DATE(C27,AB27,1) -> 671 | B27: =TEXT(AB27*29,"mmm")& "-" & AC27 -> Nov-1 | C27: =Sheet1!$A$1 -> 1 | D27: =IFERROR(VLOOKUP(B27,Sheet1!$F$7:$V$4000,17,0),0) -> 0 | E27: =Q27/8 -> 0 | F27: =SUMIF(Sheet1!$F$7:$F$4000,B27,Sheet1!$K$7:$K$4000) -> 0 | G27: =S27/10.5 -> 0 | H27: =SUMIF(Sheet1!$F$7:$F$4000,B27,Sheet1!$M$7:$M$4000) -> 0 | I27: =(R27-S27)/10.5 -> 0 | J27: =T27/8 -> 0 | K27: =U27/8 -> 0 | L27: =SUMIF(Sheet1!$F$7:$F$4000,B27,Sheet1!$R$7:$R$4000) -> 0 | M27: =SUMIF(Sheet1!$F$7:$F$4000,B27,Sheet1!$S$7:$S$4000) -> 0 | N27: =SUMIF(Sheet1!$F$7:$F$4000,B27,Sheet1!$T$7:$T$4000) -> 0 | Q27: =SUMIF(Sheet1!$F$7:$F$4000,B27,Sheet1!$J$7:$J$4000) -> 0 | R27: =SUMIF(Sheet1!$F$7:$F$4000,B27,Sheet1!$N$7:$N$4000) -> 0 | S27: =SUMIF(Sheet1!$F$7:$F$4000,B27,Sheet1!$L$7:$L$4000) -> 0 | T27: =SUMIF(Sheet1!$F$7:$F$4000,B27,Sheet1!$O$7:$O$4000) -> 0 | U27: =SUMIF(Sheet1!$F$7:$F$4000,B27,Sheet1!$P$7:$P$4000) -> 0 | V27: =W27+X27 -> 0 | W27: =Q27+R27+F27 -> 0 | X27: =L27+M27+N27+T27+U27 -> 0 | Y27: =SUMIF(Sheet1!$F$7:$F$4000,B27,Sheet1!$Q$7:$Q$4000) -> 0 | Z27: =Q27+F27 -> 0 | AB27: 11 | AC27: =Sheet1!$A$1 -> 1 | AD27: =IFERROR(Q27/V27,0) -> 0 | AE27: =IFERROR(F27/V27,0) -> 0 | AF27: =IFERROR((I27+S27)/V27,0) -> 0 | AG27: =IFERROR(X27/V27,0) -> 0
A28: =DATE(C28,AB28,1) -> 701 | B28: =TEXT(AB28*29,"mmm")& "-" & AC28 -> Dec-1 | C28: =Sheet1!$A$1 -> 1 | D28: =IFERROR(VLOOKUP(B28,Sheet1!$F$7:$V$4000,17,0),0) -> 0 | E28: =Q28/8 -> 0 | F28: =SUMIF(Sheet1!$F$7:$F$4000,B28,Sheet1!$K$7:$K$4000) -> 0 | G28: =S28/10.5 -> 0 | H28: =SUMIF(Sheet1!$F$7:$F$4000,B28,Sheet1!$M$7:$M$4000) -> 0 | I28: =(R28-S28)/10.5 -> 0 | J28: =T28/8 -> 0 | K28: =U28/8 -> 0 | L28: =SUMIF(Sheet1!$F$7:$F$4000,B28,Sheet1!$R$7:$R$4000) -> 0 | M28: =SUMIF(Sheet1!$F$7:$F$4000,B28,Sheet1!$S$7:$S$4000) -> 0 | N28: =SUMIF(Sheet1!$F$7:$F$4000,B28,Sheet1!$T$7:$T$4000) -> 0 | Q28: =SUMIF(Sheet1!$F$7:$F$4000,B28,Sheet1!$J$7:$J$4000) -> 0 | R28: =SUMIF(Sheet1!$F$7:$F$4000,B28,Sheet1!$N$7:$N$4000) -> 0 | S28: =SUMIF(Sheet1!$F$7:$F$4000,B28,Sheet1!$L$7:$L$4000) -> 0 | T28: =SUMIF(Sheet1!$F$7:$F$4000,B28,Sheet1!$O$7:$O$4000) -> 0 | U28: =SUMIF(Sheet1!$F$7:$F$4000,B28,Sheet1!$P$7:$P$4000) -> 0 | V28: =W28+X28 -> 0 | W28: =Q28+R28+F28 -> 0 | X28: =L28+M28+N28+T28+U28 -> 0 | Y28: =SUMIF(Sheet1!$F$7:$F$4000,B28,Sheet1!$Q$7:$Q$4000) -> 0 | Z28: =Q28+F28 -> 0 | AB28: 12 | AC28: =Sheet1!$A$1 -> 1 | AD28: =IFERROR(Q28/V28,0) -> 0 | AE28: =IFERROR(F28/V28,0) -> 0 | AF28: =IFERROR((I28+S28)/V28,0) -> 0 | AG28: =IFERROR(X28/V28,0) -> 0
