Workbook

Sheet Sheet1
A1: 1
A2: 2 | B2: 2 | C2: 1 | D2: 1 | E2: 1 | F2: 1 | G2: 1 | H2: 1 | I2: 1 | J2: 1 | K2: 1 | L2: 1 | M2: 1 | N2: 1 | O2: 1 | P2: 1 | Q2: 1 | R2: 1 | S2: 1 | T2: 1 | U2: 1 | V2: 1 | W2: 1 | X2: 1 | Y2: 1 | Z2: 1 | AA2: 1 | AB2: 1 | AC2: 1 | AD2: 1 | AE2: 1 | AF2: 1 | AG2: 1 | AH2: 1 | AI2: 1 | AJ2: 1 | AK2: 1 | AL2: 1 | AM2: 1 | AN2: 1 | AO2: 1 | AP2: 1 | AQ2: 1 | AR2: 1 | AS2: 1 | AT2: 1 | AU2: 1 | AV2: 1 | AW2: 1 | AX2: 1 | AY2: 1 | AZ2: 1 | BA2: 1 | BB2: 1 | BC2: 1 | BD2: 1 | BE2: 1 | BF2: 1 | BG2: 1 | BH2: 1 | BI2: 1 | BJ2: 1 | BK2: 1 | BL2: 1 | BM2: 1 | BN2: 1 | BO2: 1 | BP2: 1 | BQ2: 1 | BR2: 1 | BS2: 1 | BT2: 1 | BU2: 1 | BV2: 1 | BW2: 1 | BX2: 1 | BY2: 1 | BZ2: 1 | CA2: 1 | CB2: 1 | CC2: 1 | CD2: 1 | CE2: 1 | CF2: 1 | CG2: 1 | CH2: 1 | CI2: 1 | CJ2: 1 | CK2: 1
A3: 3 | B3: JobCode | C3: DepartmentCode | D3: TongNVLODec | E3: SoTangNVLODec | F3: TongNVJan | G3: SoTangNVJan | H3: TongNVFeb | I3: SoTangNVFeb | J3: TongNVMar | K3: SoTangNVMar | L3: TongNVApr | M3: SoTangNVApr | N3: TongNVMay | O3: SoTangNVMay | P3: TongNVJun | Q3: SoTangNVJun | R3: TongNVJul | S3: SoTangNVJul | T3: TongNVAug | U3: SoTangNVAug | V3: TongNVSep | W3: SoTangNVSep | X3: TongNVOct | Y3: SoTangNVOct | Z3: TongNVNov | AA3: SoTangNVNov | AB3: TongNVDec | AC3: SoTangNVDec | AD3: Under1MonthJan | AE3: From1To3MonthsJan | AF3: From3To6MonthsJan | AG3: From6To12MonthsJan | AH3: Over1YearJan | AI3: Under1MonthFeb | AJ3: From1To3MonthsFeb | AK3: From3To6MonthsFeb | AL3: From6To12MonthsFeb | AM3: Over1YearFeb | AN3: Under1MonthMar | AO3: From1To3MonthsMar | AP3: From3To6MonthsMar | AQ3: From6To12MonthsMar | AR3: Over1YearMar | AS3: Under1MonthApr | AT3: From1To3MonthsApr | AU3: From3To6MonthsApr | AV3: From6To12MonthsApr | AW3: Over1YearApr | AX3: Under1MonthMay | AY3: From1To3MonthsMay | AZ3: From3To6MonthsMay | BA3: From6To12MonthsMay | BB3: Over1YearMay | BC3: Under1MonthJun | BD3: From1To3MonthsJun | BE3: From3To6MonthsJun | BF3: From6To12MonthsJun | BG3: Over1YearJun | BH3: Under1MonthJul | BI3: From1To3MonthsJul | BJ3: From3To6MonthsJul | BK3: From6To12MonthsJul | BL3: Over1YearJul | BM3: Under1MonthAug | BN3: From1To3MonthsAug | BO3: From3To6MonthsAug | BP3: From6To12MonthsAug | BQ3: Over1YearAug | BR3: Under1MonthSep | BS3: From1To3MonthsSep | BT3: From3To6MonthsSep | BU3: From6To12MonthsSep | BV3: Over1YearSep | BW3: Under1MonthOct | BX3: From1To3MonthsOct | BY3: From3To6MonthsOct | BZ3: From6To12MonthsOct | CA3: Over1YearOct | CB3: Under1MonthNov | CC3: From1To3MonthsNov | CD3: From3To6MonthsNov | CE3: From6To12MonthsNov | CF3: Over1YearNov | CG3: Under1MonthDec | CH3: From1To3MonthsDec | CI3: From3To6MonthsDec | CJ3: From6To12MonthsDec | CK3: Over1YearDec
A4: 4 | C4: 1 | D4: 2 | E4: 3 | F4: 4 | G4: 5 | H4: 6 | I4: 7 | J4: 8 | K4: 9 | L4: 10 | M4: 11 | N4: 12 | O4: 13 | P4: 14 | Q4: 15 | R4: 16 | S4: 17 | T4: 18 | U4: 19 | V4: 20 | W4: 21 | X4: 22 | Y4: 23 | Z4: 24 | AA4: 25 | AB4: 26 | AC4: 27 | AD4: 28 | AE4: 29 | AF4: 30 | AG4: 31 | AH4: 32 | AI4: 33 | AJ4: 34 | AK4: 35 | AL4: 36 | AM4: 37 | AN4: 38 | AO4: 39 | AP4: 40 | AQ4: 41 | AR4: 42 | AS4: 43 | AT4: 44 | AU4: 45 | AV4: 46 | AW4: 47 | AX4: 48 | AY4: 49 | AZ4: 50 | BA4: 51 | BB4: 52 | BC4: 53 | BD4: 54 | BE4: 55 | BF4: 56 | BG4: 57 | BH4: 58 | BI4: 59 | BJ4: 60 | BK4: 61 | BL4: 62 | BM4: 63 | BN4: 64 | BO4: 65 | BP4: 66 | BQ4: 67 | BR4: 68 | BS4: 69 | BT4: 70 | BU4: 71 | BV4: 72 | BW4: 73 | BX4: 74 | BY4: 75 | BZ4: 76 | CA4: 77 | CB4: 78 | CC4: 79 | CD4: 80 | CE4: 81 | CF4: 82 | CG4: 83 | CH4: 84 | CI4: 85 | CJ4: 86 | CK4: 87
A5: 5 | B5: 1st floor | C5: INT | D5: 1 | E5: 0 | F5: 1 | G5: 0 | H5: 1 | I5: 0 | J5: 1 | K5: 0 | L5: 1 | M5: 0 | N5: 1 | O5: 0 | P5: 1 | Q5: 0 | R5: 1 | S5: 0 | T5: 1 | U5: 0 | V5: 1 | W5: 0 | X5: 1 | Y5: 0 | Z5: 1 | AA5: 0 | AB5: 1 | AC5: 0
B6: 1st floor | C6: MATOff | D6: 2 | E6: 0 | F6: 2 | G6: 0 | H6: 2 | I6: 0 | J6: 2 | K6: 0 | L6: 2 | M6: 0 | N6: 2 | O6: 0 | P6: 2 | Q6: 0 | R6: 2 | S6: 0 | T6: 2 | U6: 0 | V6: 2 | W6: 0 | X6: 2 | Y6: 0 | Z6: 2 | AA6: 0 | AB6: 2 | AC6: 0
B7: 1st floor | C7: METOff | D7: 3 | E7: 0 | F7: 3 | G7: 0 | H7: 3 | I7: 0 | J7: 3 | K7: 0 | L7: 3 | M7: 0 | N7: 3 | O7: 0 | P7: 3 | Q7: 0 | R7: 3 | S7: 0 | T7: 3 | U7: 0 | V7: 3 | W7: 0 | X7: 3 | Y7: 0 | Z7: 3 | AA7: 0 | AB7: 3 | AC7: 0
B8: 1st floor | C8: MMTOff | D8: 2 | E8: 0 | F8: 2 | G8: 0 | H8: 2 | I8: 0 | J8: 2 | K8: 0 | L8: 2 | M8: 0 | N8: 2 | O8: 0 | P8: 2 | Q8: 0 | R8: 2 | S8: 0 | T8: 2 | U8: 0 | V8: 2 | W8: 0 | X8: 2 | Y8: 0 | Z8: 2 | AA8: 0 | AB8: 2 | AC8: 0
B9: 1st floor | C9: QCTOff | D9: 5 | E9: 0 | F9: 5 | G9: 0 | H9: 5 | I9: 0 | J9: 5 | K9: 0 | L9: 5 | M9: 0 | N9: 5 | O9: 0 | P9: 5 | Q9: 0 | R9: 5 | S9: 0 | T9: 5 | U9: 0 | V9: 5 | W9: 0 | X9: 5 | Y9: 0 | Z9: 5 | AA9: 0 | AB9: 5 | AC9: 0
B10: 2nd floor | C10: ACT | D10: 5 | E10: 2 | F10: 4 | G10: 0 | H10: 4 | I10: 0 | J10: 4 | K10: 0 | L10: 4 | M10: 0 | N10: 4 | O10: 0 | P10: 4 | Q10: 0 | R10: 4 | S10: 0 | T10: 4 | U10: 0 | V10: 4 | W10: 0 | X10: 4 | Y10: 0 | Z10: 4 | AA10: 0 | AB10: 4 | AC10: 0
B11: 2nd floor | C11: HRT | D11: 4 | E11: 0 | F11: 4 | G11: 0 | H11: 4 | I11: 0 | J11: 4 | K11: 0 | L11: 4 | M11: 0 | N11: 4 | O11: 0 | P11: 4 | Q11: 0 | R11: 4 | S11: 0 | T11: 4 | U11: 0 | V11: 4 | W11: 0 | X11: 4 | Y11: 0 | Z11: 4 | AA11: 0 | AB11: 4 | AC11: 0
B12: 2nd floor | C12: MCTMATLOff | D12: 4 | E12: 0 | F12: 4 | G12: 0 | H12: 4 | I12: 0 | J12: 4 | K12: 0 | L12: 4 | M12: 0 | N12: 4 | O12: 0 | P12: 4 | Q12: 0 | R12: 4 | S12: 0 | T12: 4 | U12: 0 | V12: 4 | W12: 0 | X12: 4 | Y12: 0 | Z12: 4 | AA12: 0 | AB12: 4 | AC12: 0
B13: 2nd floor | C13: PUTLOG | D13: 3 | E13: 0 | F13: 3 | G13: 0 | H13: 3 | I13: 0 | J13: 3 | K13: 0 | L13: 3 | M13: 0 | N13: 3 | O13: 0 | P13: 3 | Q13: 0 | R13: 3 | S13: 0 | T13: 3 | U13: 0 | V13: 3 | W13: 0 | X13: 3 | Y13: 0 | Z13: 3 | AA13: 0 | AB13: 3 | AC13: 0
B14: Other | C14: SEV | D14: 3 | E14: 0 | F14: 3 | G14: 0 | H14: 3 | I14: 0 | J14: 3 | K14: 0 | L14: 3 | M14: 0 | N14: 3 | O14: 0 | P14: 3 | Q14: 0 | R14: 3 | S14: 0 | T14: 3 | U14: 0 | V14: 3 | W14: 0 | X14: 3 | Y14: 0 | Z14: 3 | AA14: 0 | AB14: 3 | AC14: 0
B15: Production | C15: MAT | D15: 152 | E15: 8 | F15: 152 | G15: 17 | H15: 151 | I15: 0 | J15: 151 | K15: 0 | L15: 151 | M15: 0 | N15: 151 | O15: 0 | P15: 151 | Q15: 0 | R15: 151 | S15: 0 | T15: 151 | U15: 0 | V15: 151 | W15: 0 | X15: 151 | Y15: 0 | Z15: 151 | AA15: 0 | AB15: 151 | AC15: 0
B16: Production | C16: MCTMATL | D16: 6 | E16: 0 | F16: 6 | G16: 0 | H16: 6 | I16: 0 | J16: 6 | K16: 0 | L16: 6 | M16: 0 | N16: 6 | O16: 0 | P16: 6 | Q16: 0 | R16: 6 | S16: 0 | T16: 6 | U16: 0 | V16: 6 | W16: 0 | X16: 6 | Y16: 0 | Z16: 6 | AA16: 0 | AB16: 6 | AC16: 0
B17: Production | C17: MET | D17: 2 | E17: 0 | F17: 2 | G17: 0 | H17: 2 | I17: 0 | J17: 2 | K17: 0 | L17: 2 | M17: 0 | N17: 2 | O17: 0 | P17: 2 | Q17: 0 | R17: 2 | S17: 0 | T17: 2 | U17: 0 | V17: 2 | W17: 0 | X17: 2 | Y17: 0 | Z17: 2 | AA17: 0 | AB17: 2 | AC17: 0
... B20: Warehouse | C20: DRV | D20: 1 | E20: 0 | F20: 1 | G20: 0 | H20: 1 | I20: 0 | J20: 1 | K20: 0 | L20: 1 | M20: 0 | N20: 1 | O20: 0 | P20: 1 | Q20: 0 | R20: 1 | S20: 0 | T20: 1 | U20: 0 | V20: 1 | W20: 0 | X20: 1 | Y20: 0 | Z20: 1 | AA20: 0 | AB20: 1 | AC20: 0
B21: NULL | C21: NULL | D21: 3 | E21: 0 | F21: NULL | G21: NULL | H21: NULL | I21: NULL | J21: NULL | K21: NULL | L21: NULL | M21: NULL | N21: NULL | O21: NULL | P21: NULL | Q21: NULL | R21: NULL | S21: NULL | T21: NULL | U21: NULL | V21: NULL | W21: NULL | X21: NULL | Y21: NULL | Z21: NULL | AA21: NULL | AB21: NULL | AC21: NULL

Sheet Summary
A1: ="WORK STATUS " & YEAR(Sheet1!A1) -> WORK STATUS 1900
A2: Class | C2: Department | D2: ="Begin " & TEXT(DATE(YEAR(Sheet1!A1)-1,MONTH(Sheet1!A1),1),"MMM, yyyy") -> Begin Jan, 3799 | E2: =DATE(YEAR(Sheet1!$A$1),1,1) -> 1 | H2: =DATE(YEAR(Sheet1!$A$1),2,1) -> 32 | K2: =DATE(YEAR(Sheet1!$A$1),3,1) -> 61 | N2: =DATE(YEAR(Sheet1!$A$1),4,1) -> 92 | Q2: =DATE(YEAR(Sheet1!$A$1),5,1) -> 122 | T2: =DATE(YEAR(Sheet1!$A$1),6,1) -> 153 | W2: =DATE(YEAR(Sheet1!$A$1),7,1) -> 183 | Z2: =DATE(YEAR(Sheet1!$A$1),8,1) -> 214 | AC2: =DATE(YEAR(Sheet1!$A$1),9,1) -> 245 | AF2: =DATE(YEAR(Sheet1!$A$1),10,1) -> 275 | AI2: =DATE(YEAR(Sheet1!$A$1),11,1) -> 306 | AL2: =DATE(YEAR(Sheet1!$A$1),12,1) -> 336 | AO2: New comer | AP2: Stop working | AQ2: Ending | AR2: Remark
A3: Dept | E3: Increase | F3: Decrease | G3: Move | H3: Increase | I3: Decrease | J3: Move | K3: Increase | L3: Decrease | M3: Move | N3: Increase | O3: Decrease | P3: Move | Q3: Increase | R3: Decrease | S3: Move | T3: Increase | U3: Decrease | V3: Move | W3: Increase | X3: Decrease | Y3: Move | Z3: Increase | AA3: Decrease | AB3: Move | AC3: Increase | AD3: Decrease | AE3: Move | AF3: Increase | AG3: Decrease | AH3: Move | AI3: Increase | AJ3: Decrease | AK3: Move | AL3: Increase | AM3: Decrease | AN3: Move
A4: 2nd floor | B4: ACT | C4: ACT | D4: =VLOOKUP(Summary!C4,Sheet1!$C$5:$AC$21,2,0) -> 5 | E4: =VLOOKUP(Summary!C4,Sheet1!$C$5:$AC$21,5,0) -> 0 | F4: =VLOOKUP(Summary!C4,Sheet1!$C$5:$AC$21,2,0)+E4-VLOOKUP(Summary!C4,Sheet1!$C$5:$AC$21,4,0) -> 1 | G4: =+D4+E4-F4 -> 4 | H4: =VLOOKUP(Summary!C4,Sheet1!$C$5:$AC$21,7,0) -> 0 | I4: =VLOOKUP(Summary!C4,Sheet1!$C$5:$AC$21,4,0)+H4-VLOOKUP(Summary!C4,Sheet1!$C$5:$AC$21,6,0) -> 0 | J4: =+G4+H4-I4 -> 4 | K4: =VLOOKUP(Summary!C4,Sheet1!$C$5:$AC$21,9,0) -> 0 | L4: =VLOOKUP(Summary!C4,Sheet1!$C$5:$AC$21,6,0)+K4-VLOOKUP(Summary!C4,Sheet1!$C$5:$AC$21,8,0) -> 0 | M4: =+J4+K4-L4 -> 4 | N4: =VLOOKUP(Summary!C4,Sheet1!$C$5:$AC$21,11,0) -> 0 | O4: =VLOOKUP(Summary!C4,Sheet1!$C$5:$AC$21,8,0)+N4-VLOOKUP(Summary!C4,Sheet1!$C$5:$AC$21,10,0) -> 0 | P4: =+M4+N4-O4 -> 4 | Q4: =VLOOKUP(Summary!C4,Sheet1!$C$5:$AC$21,13,0) -> 0 | R4: =VLOOKUP(Summary!C4,Sheet1!$C$5:$AC$21,10,0)+Q4-VLOOKUP(Summary!C4,Sheet1!$C$5:$AC$21,12,0) -> 0 | S4: =+P4+Q4-R4 -> 4 | T4: =VLOOKUP(Summary!C4,Sheet1!$C$5:$AC$21,15,0) -> 0 | U4: =VLOOKUP(Summary!C4,Sheet1!$C$5:$AC$21,12,0)+T4-VLOOKUP(Summary!C4,Sheet1!$C$5:$AC$21,14,0) -> 0 | V4: =+S4+T4-U4 -> 4 | W4: =VLOOKUP(Summary!C4,Sheet1!$C$5:$AC$21,17,0) -> 0 | X4: =VLOOKUP(Summary!C4,Sheet1!$C$5:$AC$21,14,0)+W4-VLOOKUP(Summary!C4,Sheet1!$C$5:$AC$21,16,0) -> 0 | Y4: =+V4+W4-X4 -> 4 | Z4: =VLOOKUP(Summary!C4,Sheet1!$C$5:$AC$21,19,0) -> 0 | AA4: =VLOOKUP(Summary!C4,Sheet1!$C$5:$AC$21,16,0)+Z4-VLOOKUP(Summary!C4,Sheet1!$C$5:$AC$21,18,0) -> 0 | AB4: =+Y4+Z4-AA4 -> 4 | AC4: =VLOOKUP(Summary!C4,Sheet1!$C$5:$AC$21,21,0) -> 0 | AD4: =VLOOKUP(Summary!C4,Sheet1!$C$5:$AC$21,18,0)+AC4-VLOOKUP(Summary!C4,Sheet1!$C$5:$AC$21,20,0) -> 0 | AE4: =+AB4+AC4-AD4 -> 4 | AF4: =VLOOKUP(Summary!C4,Sheet1!$C$5:$AC$21,23,0) -> 0 | AG4: =VLOOKUP(Summary!C4,Sheet1!$C$5:$AC$21,20,0)+AF4-VLOOKUP(Summary!C4,Sheet1!$C$5:$AC$21,22,0) -> 0 | AH4: =+AE4+AF4-AG4 -> 4 | AI4: =VLOOKUP(Summary!C4,Sheet1!$C$5:$AC$21,25,0) -> 0 | AJ4: =VLOOKUP(Summary!C4,Sheet1!$C$5:$AC$21,22,0)+AI4-VLOOKUP(Summary!C4,Sheet1!$C$5:$AC$21,24,0) -> 0 | AK4: =+AH4+AI4-AJ4 -> 4 | AL4: =VLOOKUP(Summary!C4,Sheet1!$C$5:$AC$21,27,0) -> 0 | AM4: =VLOOKUP(Summary!C4,Sheet1!$C$5:$AC$21,24,0)+AL4-VLOOKUP(Summary!C4,Sheet1!$C$5:$AC$21,26,0) -> 0 | AN4: =+AK4+AL4-AM4 -> 4 | AO4: =+E4+H4+K4+N4+Q4+T4+W4+Z4+AC4+AF4+AI4+AL4 -> 0 | AP4: =+F4+I4+L4+O4+R4+U4+X4+AA4+AD4+AG4+AJ4+AM4 -> 1 | AQ4: =+D4+AO4-AP4 -> 4
B5: HRT | C5: HRT | D5: =VLOOKUP(Summary!C5,Sheet1!$C$5:$AC$21,2,0) -> 4 | E5: =VLOOKUP(Summary!C5,Sheet1!$C$5:$AC$21,5,0) -> 0 | F5: =VLOOKUP(Summary!C5,Sheet1!$C$5:$AC$21,2,0)+E5-VLOOKUP(Summary!C5,Sheet1!$C$5:$AC$21,4,0) -> 0 | G5: =+D5+E5-F5 -> 4 | H5: =VLOOKUP(Summary!C5,Sheet1!$C$5:$AC$21,7,0) -> 0 | I5: =VLOOKUP(Summary!C5,Sheet1!$C$5:$AC$21,4,0)+H5-VLOOKUP(Summary!C5,Sheet1!$C$5:$AC$21,6,0) -> 0 | J5: =+G5+H5-I5 -> 4 | K5: =VLOOKUP(Summary!C5,Sheet1!$C$5:$AC$21,9,0) -> 0 | L5: =VLOOKUP(Summary!C5,Sheet1!$C$5:$AC$21,6,0)+K5-VLOOKUP(Summary!C5,Sheet1!$C$5:$AC$21,8,0) -> 0 | M5: =+J5+K5-L5 -> 4 | N5: =VLOOKUP(Summary!C5,Sheet1!$C$5:$AC$21,11,0) -> 0 | O5: =VLOOKUP(Summary!C5,Sheet1!$C$5:$AC$21,8,0)+N5-VLOOKUP(Summary!C5,Sheet1!$C$5:$AC$21,10,0) -> 0 | P5: =+M5+N5-O5 -> 4 | Q5: =VLOOKUP(Summary!C5,Sheet1!$C$5:$AC$21,13,0) -> 0 | R5: =VLOOKUP(Summary!C5,Sheet1!$C$5:$AC$21,10,0)+Q5-VLOOKUP(Summary!C5,Sheet1!$C$5:$AC$21,12,0) -> 0 | S5: =+P5+Q5-R5 -> 4 | T5: =VLOOKUP(Summary!C5,Sheet1!$C$5:$AC$21,15,0) -> 0 | U5: =VLOOKUP(Summary!C5,Sheet1!$C$5:$AC$21,12,0)+T5-VLOOKUP(Summary!C5,Sheet1!$C$5:$AC$21,14,0) -> 0 | V5: =+S5+T5-U5 -> 4 | W5: =VLOOKUP(Summary!C5,Sheet1!$C$5:$AC$21,17,0) -> 0 | X5: =VLOOKUP(Summary!C5,Sheet1!$C$5:$AC$21,14,0)+W5-VLOOKUP(Summary!C5,Sheet1!$C$5:$AC$21,16,0) -> 0 | Y5: =+V5+W5-X5 -> 4 | Z5: =VLOOKUP(Summary!C5,Sheet1!$C$5:$AC$21,19,0) -> 0 | AA5: =VLOOKUP(Summary!C5,Sheet1!$C$5:$AC$21,16,0)+Z5-VLOOKUP(Summary!C5,Sheet1!$C$5:$AC$21,18,0) -> 0 | AB5: =+Y5+Z5-AA5 -> 4 | AC5: =VLOOKUP(Summary!C5,Sheet1!$C$5:$AC$21,21,0) -> 0 | AD5: =VLOOKUP(Summary!C5,Sheet1!$C$5:$AC$21,18,0)+AC5-VLOOKUP(Summary!C5,Sheet1!$C$5:$AC$21,20,0) -> 0 | AE5: =+AB5+AC5-AD5 -> 4 | AF5: =VLOOKUP(Summary!C5,Sheet1!$C$5:$AC$21,23,0) -> 0 | AG5: =VLOOKUP(Summary!C5,Sheet1!$C$5:$AC$21,20,0)+AF5-VLOOKUP(Summary!C5,Sheet1!$C$5:$AC$21,22,0) -> 0 | AH5: =+AE5+AF5-AG5 -> 4 | AI5: =VLOOKUP(Summary!C5,Sheet1!$C$5:$AC$21,25,0) -> 0 | AJ5: =VLOOKUP(Summary!C5,Sheet1!$C$5:$AC$21,22,0)+AI5-VLOOKUP(Summary!C5,Sheet1!$C$5:$AC$21,24,0) -> 0 | AK5: =+AH5+AI5-AJ5 -> 4 | AL5: =VLOOKUP(Summary!C5,Sheet1!$C$5:$AC$21,27,0) -> 0 | AM5: =VLOOKUP(Summary!C5,Sheet1!$C$5:$AC$21,24,0)+AL5-VLOOKUP(Summary!C5,Sheet1!$C$5:$AC$21,26,0) -> 0 | AN5: =+AK5+AL5-AM5 -> 4 | AO5: =+E5+H5+K5+N5+Q5+T5+W5+Z5+AC5+AF5+AI5+AL5 -> 0 | AP5: =+F5+I5+L5+O5+R5+U5+X5+AA5+AD5+AG5+AJ5+AM5 -> 0 | AQ5: =+D5+AO5-AP5 -> 4
B6: MCT/MATERIAL_2 | C6: MCTMATLOff | D6: =VLOOKUP(Summary!C6,Sheet1!$C$5:$AC$21,2,0) -> 4 | E6: =VLOOKUP(Summary!C6,Sheet1!$C$5:$AC$21,5,0) -> 0 | F6: =VLOOKUP(Summary!C6,Sheet1!$C$5:$AC$21,2,0)+E6-VLOOKUP(Summary!C6,Sheet1!$C$5:$AC$21,4,0) -> 0 | G6: =+D6+E6-F6 -> 4 | H6: =VLOOKUP(Summary!C6,Sheet1!$C$5:$AC$21,7,0) -> 0 | I6: =VLOOKUP(Summary!C6,Sheet1!$C$5:$AC$21,4,0)+H6-VLOOKUP(Summary!C6,Sheet1!$C$5:$AC$21,6,0) -> 0 | J6: =+G6+H6-I6 -> 4 | K6: =VLOOKUP(Summary!C6,Sheet1!$C$5:$AC$21,9,0) -> 0 | L6: =VLOOKUP(Summary!C6,Sheet1!$C$5:$AC$21,6,0)+K6-VLOOKUP(Summary!C6,Sheet1!$C$5:$AC$21,8,0) -> 0 | M6: =+J6+K6-L6 -> 4 | N6: =VLOOKUP(Summary!C6,Sheet1!$C$5:$AC$21,11,0) -> 0 | O6: =VLOOKUP(Summary!C6,Sheet1!$C$5:$AC$21,8,0)+N6-VLOOKUP(Summary!C6,Sheet1!$C$5:$AC$21,10,0) -> 0 | P6: =+M6+N6-O6 -> 4 | Q6: =VLOOKUP(Summary!C6,Sheet1!$C$5:$AC$21,13,0) -> 0 | R6: =VLOOKUP(Summary!C6,Sheet1!$C$5:$AC$21,10,0)+Q6-VLOOKUP(Summary!C6,Sheet1!$C$5:$AC$21,12,0) -> 0 | S6: =+P6+Q6-R6 -> 4 | T6: =VLOOKUP(Summary!C6,Sheet1!$C$5:$AC$21,15,0) -> 0 | U6: =VLOOKUP(Summary!C6,Sheet1!$C$5:$AC$21,12,0)+T6-VLOOKUP(Summary!C6,Sheet1!$C$5:$AC$21,14,0) -> 0 | V6: =+S6+T6-U6 -> 4 | W6: =VLOOKUP(Summary!C6,Sheet1!$C$5:$AC$21,17,0) -> 0 | X6: =VLOOKUP(Summary!C6,Sheet1!$C$5:$AC$21,14,0)+W6-VLOOKUP(Summary!C6,Sheet1!$C$5:$AC$21,16,0) -> 0 | Y6: =+V6+W6-X6 -> 4 | Z6: =VLOOKUP(Summary!C6,Sheet1!$C$5:$AC$21,19,0) -> 0 | AA6: =VLOOKUP(Summary!C6,Sheet1!$C$5:$AC$21,16,0)+Z6-VLOOKUP(Summary!C6,Sheet1!$C$5:$AC$21,18,0) -> 0 | AB6: =+Y6+Z6-AA6 -> 4 | AC6: =VLOOKUP(Summary!C6,Sheet1!$C$5:$AC$21,21,0) -> 0 | AD6: =VLOOKUP(Summary!C6,Sheet1!$C$5:$AC$21,18,0)+AC6-VLOOKUP(Summary!C6,Sheet1!$C$5:$AC$21,20,0) -> 0 | AE6: =+AB6+AC6-AD6 -> 4 | AF6: =VLOOKUP(Summary!C6,Sheet1!$C$5:$AC$21,23,0) -> 0 | AG6: =VLOOKUP(Summary!C6,Sheet1!$C$5:$AC$21,20,0)+AF6-VLOOKUP(Summary!C6,Sheet1!$C$5:$AC$21,22,0) -> 0 | AH6: =+AE6+AF6-AG6 -> 4 | AI6: =VLOOKUP(Summary!C6,Sheet1!$C$5:$AC$21,25,0) -> 0 | AJ6: =VLOOKUP(Summary!C6,Sheet1!$C$5:$AC$21,22,0)+AI6-VLOOKUP(Summary!C6,Sheet1!$C$5:$AC$21,24,0) -> 0 | AK6: =+AH6+AI6-AJ6 -> 4 | AL6: =VLOOKUP(Summary!C6,Sheet1!$C$5:$AC$21,27,0) -> 0 | AM6: =VLOOKUP(Summary!C6,Sheet1!$C$5:$AC$21,24,0)+AL6-VLOOKUP(Summary!C6,Sheet1!$C$5:$AC$21,26,0) -> 0 | AN6: =+AK6+AL6-AM6 -> 4 | AO6: =+E6+H6+K6+N6+Q6+T6+W6+Z6+AC6+AF6+AI6+AL6 -> 0 | AP6: =+F6+I6+L6+O6+R6+U6+X6+AA6+AD6+AG6+AJ6+AM6 -> 0 | AQ6: =+D6+AO6-AP6 -> 4
B7: PUT/SCT | C7: PUTLOG | D7: =VLOOKUP(Summary!C7,Sheet1!$C$5:$AC$21,2,0) -> 3 | E7: =VLOOKUP(Summary!C7,Sheet1!$C$5:$AC$21,5,0) -> 0 | F7: =VLOOKUP(Summary!C7,Sheet1!$C$5:$AC$21,2,0)+E7-VLOOKUP(Summary!C7,Sheet1!$C$5:$AC$21,4,0) -> 0 | G7: =+D7+E7-F7 -> 3 | H7: =VLOOKUP(Summary!C7,Sheet1!$C$5:$AC$21,7,0) -> 0 | I7: =VLOOKUP(Summary!C7,Sheet1!$C$5:$AC$21,4,0)+H7-VLOOKUP(Summary!C7,Sheet1!$C$5:$AC$21,6,0) -> 0 | J7: =+G7+H7-I7 -> 3 | K7: =VLOOKUP(Summary!C7,Sheet1!$C$5:$AC$21,9,0) -> 0 | L7: =VLOOKUP(Summary!C7,Sheet1!$C$5:$AC$21,6,0)+K7-VLOOKUP(Summary!C7,Sheet1!$C$5:$AC$21,8,0) -> 0 | M7: =+J7+K7-L7 -> 3 | N7: =VLOOKUP(Summary!C7,Sheet1!$C$5:$AC$21,11,0) -> 0 | O7: =VLOOKUP(Summary!C7,Sheet1!$C$5:$AC$21,8,0)+N7-VLOOKUP(Summary!C7,Sheet1!$C$5:$AC$21,10,0) -> 0 | P7: =+M7+N7-O7 -> 3 | Q7: =VLOOKUP(Summary!C7,Sheet1!$C$5:$AC$21,13,0) -> 0 | R7: =VLOOKUP(Summary!C7,Sheet1!$C$5:$AC$21,10,0)+Q7-VLOOKUP(Summary!C7,Sheet1!$C$5:$AC$21,12,0) -> 0 | S7: =+P7+Q7-R7 -> 3 | T7: =VLOOKUP(Summary!C7,Sheet1!$C$5:$AC$21,15,0) -> 0 | U7: =VLOOKUP(Summary!C7,Sheet1!$C$5:$AC$21,12,0)+T7-VLOOKUP(Summary!C7,Sheet1!$C$5:$AC$21,14,0) -> 0 | V7: =+S7+T7-U7 -> 3 | W7: =VLOOKUP(Summary!C7,Sheet1!$C$5:$AC$21,17,0) -> 0 | X7: =VLOOKUP(Summary!C7,Sheet1!$C$5:$AC$21,14,0)+W7-VLOOKUP(Summary!C7,Sheet1!$C$5:$AC$21,16,0) -> 0 | Y7: =+V7+W7-X7 -> 3 | Z7: =VLOOKUP(Summary!C7,Sheet1!$C$5:$AC$21,19,0) -> 0 | AA7: =VLOOKUP(Summary!C7,Sheet1!$C$5:$AC$21,16,0)+Z7-VLOOKUP(Summary!C7,Sheet1!$C$5:$AC$21,18,0) -> 0 | AB7: =+Y7+Z7-AA7 -> 3 | AC7: =VLOOKUP(Summary!C7,Sheet1!$C$5:$AC$21,21,0) -> 0 | AD7: =VLOOKUP(Summary!C7,Sheet1!$C$5:$AC$21,18,0)+AC7-VLOOKUP(Summary!C7,Sheet1!$C$5:$AC$21,20,0) -> 0 | AE7: =+AB7+AC7-AD7 -> 3 | AF7: =VLOOKUP(Summary!C7,Sheet1!$C$5:$AC$21,23,0) -> 0 | AG7: =VLOOKUP(Summary!C7,Sheet1!$C$5:$AC$21,20,0)+AF7-VLOOKUP(Summary!C7,Sheet1!$C$5:$AC$21,22,0) -> 0 | AH7: =+AE7+AF7-AG7 -> 3 | AI7: =VLOOKUP(Summary!C7,Sheet1!$C$5:$AC$21,25,0) -> 0 | AJ7: =VLOOKUP(Summary!C7,Sheet1!$C$5:$AC$21,22,0)+AI7-VLOOKUP(Summary!C7,Sheet1!$C$5:$AC$21,24,0) -> 0 | AK7: =+AH7+AI7-AJ7 -> 3 | AL7: =VLOOKUP(Summary!C7,Sheet1!$C$5:$AC$21,27,0) -> 0 | AM7: =VLOOKUP(Summary!C7,Sheet1!$C$5:$AC$21,24,0)+AL7-VLOOKUP(Summary!C7,Sheet1!$C$5:$AC$21,26,0) -> 0 | AN7: =+AK7+AL7-AM7 -> 3 | AO7: =+E7+H7+K7+N7+Q7+T7+W7+Z7+AC7+AF7+AI7+AL7 -> 0 | AP7: =+F7+I7+L7+O7+R7+U7+X7+AA7+AD7+AG7+AJ7+AM7 -> 0 | AQ7: =+D7+AO7-AP7 -> 3
A8: 1st floor | B8: MAT_1st floor | C8: MATOff | D8: =VLOOKUP(Summary!C8,Sheet1!$C$5:$AC$21,2,0) -> 2 | E8: =VLOOKUP(Summary!C8,Sheet1!$C$5:$AC$21,5,0) -> 0 | F8: =VLOOKUP(Summary!C8,Sheet1!$C$5:$AC$21,2,0)+E8-VLOOKUP(Summary!C8,Sheet1!$C$5:$AC$21,4,0) -> 0 | G8: =+D8+E8-F8 -> 2 | H8: =VLOOKUP(Summary!C8,Sheet1!$C$5:$AC$21,7,0) -> 0 | I8: =VLOOKUP(Summary!C8,Sheet1!$C$5:$AC$21,4,0)+H8-VLOOKUP(Summary!C8,Sheet1!$C$5:$AC$21,6,0) -> 0 | J8: =+G8+H8-I8 -> 2 | K8: =VLOOKUP(Summary!C8,Sheet1!$C$5:$AC$21,9,0) -> 0 | L8: =VLOOKUP(Summary!C8,Sheet1!$C$5:$AC$21,6,0)+K8-VLOOKUP(Summary!C8,Sheet1!$C$5:$AC$21,8,0) -> 0 | M8: =+J8+K8-L8 -> 2 | N8: =VLOOKUP(Summary!C8,Sheet1!$C$5:$AC$21,11,0) -> 0 | O8: =VLOOKUP(Summary!C8,Sheet1!$C$5:$AC$21,8,0)+N8-VLOOKUP(Summary!C8,Sheet1!$C$5:$AC$21,10,0) -> 0 | P8: =+M8+N8-O8 -> 2 | Q8: =VLOOKUP(Summary!C8,Sheet1!$C$5:$AC$21,13,0) -> 0 | R8: =VLOOKUP(Summary!C8,Sheet1!$C$5:$AC$21,10,0)+Q8-VLOOKUP(Summary!C8,Sheet1!$C$5:$AC$21,12,0) -> 0 | S8: =+P8+Q8-R8 -> 2 | T8: =VLOOKUP(Summary!C8,Sheet1!$C$5:$AC$21,15,0) -> 0 | U8: =VLOOKUP(Summary!C8,Sheet1!$C$5:$AC$21,12,0)+T8-VLOOKUP(Summary!C8,Sheet1!$C$5:$AC$21,14,0) -> 0 | V8: =+S8+T8-U8 -> 2 | W8: =VLOOKUP(Summary!C8,Sheet1!$C$5:$AC$21,17,0) -> 0 | X8: =VLOOKUP(Summary!C8,Sheet1!$C$5:$AC$21,14,0)+W8-VLOOKUP(Summary!C8,Sheet1!$C$5:$AC$21,16,0) -> 0 | Y8: =+V8+W8-X8 -> 2 | Z8: =VLOOKUP(Summary!C8,Sheet1!$C$5:$AC$21,19,0) -> 0 | AA8: =VLOOKUP(Summary!C8,Sheet1!$C$5:$AC$21,16,0)+Z8-VLOOKUP(Summary!C8,Sheet1!$C$5:$AC$21,18,0) -> 0 | AB8: =+Y8+Z8-AA8 -> 2 | AC8: =VLOOKUP(Summary!C8,Sheet1!$C$5:$AC$21,21,0) -> 0 | AD8: =VLOOKUP(Summary!C8,Sheet1!$C$5:$AC$21,18,0)+AC8-VLOOKUP(Summary!C8,Sheet1!$C$5:$AC$21,20,0) -> 0 | AE8: =+AB8+AC8-AD8 -> 2 | AF8: =VLOOKUP(Summary!C8,Sheet1!$C$5:$AC$21,23,0) -> 0 | AG8: =VLOOKUP(Summary!C8,Sheet1!$C$5:$AC$21,20,0)+AF8-VLOOKUP(Summary!C8,Sheet1!$C$5:$AC$21,22,0) -> 0 | AH8: =+AE8+AF8-AG8 -> 2 | AI8: =VLOOKUP(Summary!C8,Sheet1!$C$5:$AC$21,25,0) -> 0 | AJ8: =VLOOKUP(Summary!C8,Sheet1!$C$5:$AC$21,22,0)+AI8-VLOOKUP(Summary!C8,Sheet1!$C$5:$AC$21,24,0) -> 0 | AK8: =+AH8+AI8-AJ8 -> 2 | AL8: =VLOOKUP(Summary!C8,Sheet1!$C$5:$AC$21,27,0) -> 0 | AM8: =VLOOKUP(Summary!C8,Sheet1!$C$5:$AC$21,24,0)+AL8-VLOOKUP(Summary!C8,Sheet1!$C$5:$AC$21,26,0) -> 0 | AN8: =+AK8+AL8-AM8 -> 2 | AO8: =+E8+H8+K8+N8+Q8+T8+W8+Z8+AC8+AF8+AI8+AL8 -> 0 | AP8: =+F8+I8+L8+O8+R8+U8+X8+AA8+AD8+AG8+AJ8+AM8 -> 0 | AQ8: =+D8+AO8-AP8 -> 2
B9: Interpreter | C9: INT | D9: =VLOOKUP(Summary!C9,Sheet1!$C$5:$AC$21,2,0) -> 1 | E9: =VLOOKUP(Summary!C9,Sheet1!$C$5:$AC$21,5,0) -> 0 | F9: =VLOOKUP(Summary!C9,Sheet1!$C$5:$AC$21,2,0)+E9-VLOOKUP(Summary!C9,Sheet1!$C$5:$AC$21,4,0) -> 0 | G9: =+D9+E9-F9 -> 1 | H9: =VLOOKUP(Summary!C9,Sheet1!$C$5:$AC$21,7,0) -> 0 | I9: =VLOOKUP(Summary!C9,Sheet1!$C$5:$AC$21,4,0)+H9-VLOOKUP(Summary!C9,Sheet1!$C$5:$AC$21,6,0) -> 0 | J9: =+G9+H9-I9 -> 1 | K9: =VLOOKUP(Summary!C9,Sheet1!$C$5:$AC$21,9,0) -> 0 | L9: =VLOOKUP(Summary!C9,Sheet1!$C$5:$AC$21,6,0)+K9-VLOOKUP(Summary!C9,Sheet1!$C$5:$AC$21,8,0) -> 0 | M9: =+J9+K9-L9 -> 1 | N9: =VLOOKUP(Summary!C9,Sheet1!$C$5:$AC$21,11,0) -> 0 | O9: =VLOOKUP(Summary!C9,Sheet1!$C$5:$AC$21,8,0)+N9-VLOOKUP(Summary!C9,Sheet1!$C$5:$AC$21,10,0) -> 0 | P9: =+M9+N9-O9 -> 1 | Q9: =VLOOKUP(Summary!C9,Sheet1!$C$5:$AC$21,13,0) -> 0 | R9: =VLOOKUP(Summary!C9,Sheet1!$C$5:$AC$21,10,0)+Q9-VLOOKUP(Summary!C9,Sheet1!$C$5:$AC$21,12,0) -> 0 | S9: =+P9+Q9-R9 -> 1 | T9: =VLOOKUP(Summary!C9,Sheet1!$C$5:$AC$21,15,0) -> 0 | U9: =VLOOKUP(Summary!C9,Sheet1!$C$5:$AC$21,12,0)+T9-VLOOKUP(Summary!C9,Sheet1!$C$5:$AC$21,14,0) -> 0 | V9: =+S9+T9-U9 -> 1 | W9: =VLOOKUP(Summary!C9,Sheet1!$C$5:$AC$21,17,0) -> 0 | X9: =VLOOKUP(Summary!C9,Sheet1!$C$5:$AC$21,14,0)+W9-VLOOKUP(Summary!C9,Sheet1!$C$5:$AC$21,16,0) -> 0 | Y9: =+V9+W9-X9 -> 1 | Z9: =VLOOKUP(Summary!C9,Sheet1!$C$5:$AC$21,19,0) -> 0 | AA9: =VLOOKUP(Summary!C9,Sheet1!$C$5:$AC$21,16,0)+Z9-VLOOKUP(Summary!C9,Sheet1!$C$5:$AC$21,18,0) -> 0 | AB9: =+Y9+Z9-AA9 -> 1 | AC9: =VLOOKUP(Summary!C9,Sheet1!$C$5:$AC$21,21,0) -> 0 | AD9: =VLOOKUP(Summary!C9,Sheet1!$C$5:$AC$21,18,0)+AC9-VLOOKUP(Summary!C9,Sheet1!$C$5:$AC$21,20,0) -> 0 | AE9: =+AB9+AC9-AD9 -> 1 | AF9: =VLOOKUP(Summary!C9,Sheet1!$C$5:$AC$21,23,0) -> 0 | AG9: =VLOOKUP(Summary!C9,Sheet1!$C$5:$AC$21,20,0)+AF9-VLOOKUP(Summary!C9,Sheet1!$C$5:$AC$21,22,0) -> 0 | AH9: =+AE9+AF9-AG9 -> 1 | AI9: =VLOOKUP(Summary!C9,Sheet1!$C$5:$AC$21,25,0) -> 0 | AJ9: =VLOOKUP(Summary!C9,Sheet1!$C$5:$AC$21,22,0)+AI9-VLOOKUP(Summary!C9,Sheet1!$C$5:$AC$21,24,0) -> 0 | AK9: =+AH9+AI9-AJ9 -> 1 | AL9: =VLOOKUP(Summary!C9,Sheet1!$C$5:$AC$21,27,0) -> 0 | AM9: =VLOOKUP(Summary!C9,Sheet1!$C$5:$AC$21,24,0)+AL9-VLOOKUP(Summary!C9,Sheet1!$C$5:$AC$21,26,0) -> 0 | AN9: =+AK9+AL9-AM9 -> 1 | AO9: =+E9+H9+K9+N9+Q9+T9+W9+Z9+AC9+AF9+AI9+AL9 -> 0 | AP9: =+F9+I9+L9+O9+R9+U9+X9+AA9+AD9+AG9+AJ9+AM9 -> 0 | AQ9: =+D9+AO9-AP9 -> 1
B10: MMT_1st floor | C10: MMTOff | D10: =VLOOKUP(Summary!C10,Sheet1!$C$5:$AC$21,2,0) -> 2 | E10: =VLOOKUP(Summary!C10,Sheet1!$C$5:$AC$21,5,0) -> 0 | F10: =VLOOKUP(Summary!C10,Sheet1!$C$5:$AC$21,2,0)+E10-VLOOKUP(Summary!C10,Sheet1!$C$5:$AC$21,4,0) -> 0 | G10: =+D10+E10-F10 -> 2 | H10: =VLOOKUP(Summary!C10,Sheet1!$C$5:$AC$21,7,0) -> 0 | I10: =VLOOKUP(Summary!C10,Sheet1!$C$5:$AC$21,4,0)+H10-VLOOKUP(Summary!C10,Sheet1!$C$5:$AC$21,6,0) -> 0 | J10: =+G10+H10-I10 -> 2 | K10: =VLOOKUP(Summary!C10,Sheet1!$C$5:$AC$21,9,0) -> 0 | L10: =VLOOKUP(Summary!C10,Sheet1!$C$5:$AC$21,6,0)+K10-VLOOKUP(Summary!C10,Sheet1!$C$5:$AC$21,8,0) -> 0 | M10: =+J10+K10-L10 -> 2 | N10: =VLOOKUP(Summary!C10,Sheet1!$C$5:$AC$21,11,0) -> 0 | O10: =VLOOKUP(Summary!C10,Sheet1!$C$5:$AC$21,8,0)+N10-VLOOKUP(Summary!C10,Sheet1!$C$5:$AC$21,10,0) -> 0 | P10: =+M10+N10-O10 -> 2 | Q10: =VLOOKUP(Summary!C10,Sheet1!$C$5:$AC$21,13,0) -> 0 | R10: =VLOOKUP(Summary!C10,Sheet1!$C$5:$AC$21,10,0)+Q10-VLOOKUP(Summary!C10,Sheet1!$C$5:$AC$21,12,0) -> 0 | S10: =+P10+Q10-R10 -> 2 | T10: =VLOOKUP(Summary!C10,Sheet1!$C$5:$AC$21,15,0) -> 0 | U10: =VLOOKUP(Summary!C10,Sheet1!$C$5:$AC$21,12,0)+T10-VLOOKUP(Summary!C10,Sheet1!$C$5:$AC$21,14,0) -> 0 | V10: =+S10+T10-U10 -> 2 | W10: =VLOOKUP(Summary!C10,Sheet1!$C$5:$AC$21,17,0) -> 0 | X10: =VLOOKUP(Summary!C10,Sheet1!$C$5:$AC$21,14,0)+W10-VLOOKUP(Summary!C10,Sheet1!$C$5:$AC$21,16,0) -> 0 | Y10: =+V10+W10-X10 -> 2 | Z10: =VLOOKUP(Summary!C10,Sheet1!$C$5:$AC$21,19,0) -> 0 | AA10: =VLOOKUP(Summary!C10,Sheet1!$C$5:$AC$21,16,0)+Z10-VLOOKUP(Summary!C10,Sheet1!$C$5:$AC$21,18,0) -> 0 | AB10: =+Y10+Z10-AA10 -> 2 | AC10: =VLOOKUP(Summary!C10,Sheet1!$C$5:$AC$21,21,0) -> 0 | AD10: =VLOOKUP(Summary!C10,Sheet1!$C$5:$AC$21,18,0)+AC10-VLOOKUP(Summary!C10,Sheet1!$C$5:$AC$21,20,0) -> 0 | AE10: =+AB10+AC10-AD10 -> 2 | AF10: =VLOOKUP(Summary!C10,Sheet1!$C$5:$AC$21,23,0) -> 0 | AG10: =VLOOKUP(Summary!C10,Sheet1!$C$5:$AC$21,20,0)+AF10-VLOOKUP(Summary!C10,Sheet1!$C$5:$AC$21,22,0) -> 0 | AH10: =+AE10+AF10-AG10 -> 2 | AI10: =VLOOKUP(Summary!C10,Sheet1!$C$5:$AC$21,25,0) -> 0 | AJ10: =VLOOKUP(Summary!C10,Sheet1!$C$5:$AC$21,22,0)+AI10-VLOOKUP(Summary!C10,Sheet1!$C$5:$AC$21,24,0) -> 0 | AK10: =+AH10+AI10-AJ10 -> 2 | AL10: =VLOOKUP(Summary!C10,Sheet1!$C$5:$AC$21,27,0) -> 0 | AM10: =VLOOKUP(Summary!C10,Sheet1!$C$5:$AC$21,24,0)+AL10-VLOOKUP(Summary!C10,Sheet1!$C$5:$AC$21,26,0) -> 0 | AN10: =+AK10+AL10-AM10 -> 2 | AO10: =+E10+H10+K10+N10+Q10+T10+W10+Z10+AC10+AF10+AI10+AL10 -> 0 | AP10: =+F10+I10+L10+O10+R10+U10+X10+AA10+AD10+AG10+AJ10+AM10 -> 0 | AQ10: =+D10+AO10-AP10 -> 2
B11: MET_1st floor | C11: METOff | D11: =VLOOKUP(Summary!C11,Sheet1!$C$5:$AC$21,2,0) -> 3 | E11: =VLOOKUP(Summary!C11,Sheet1!$C$5:$AC$21,5,0) -> 0 | F11: =VLOOKUP(Summary!C11,Sheet1!$C$5:$AC$21,2,0)+E11-VLOOKUP(Summary!C11,Sheet1!$C$5:$AC$21,4,0) -> 0 | G11: =+D11+E11-F11 -> 3 | H11: =VLOOKUP(Summary!C11,Sheet1!$C$5:$AC$21,7,0) -> 0 | I11: =VLOOKUP(Summary!C11,Sheet1!$C$5:$AC$21,4,0)+H11-VLOOKUP(Summary!C11,Sheet1!$C$5:$AC$21,6,0) -> 0 | J11: =+G11+H11-I11 -> 3 | K11: =VLOOKUP(Summary!C11,Sheet1!$C$5:$AC$21,9,0) -> 0 | L11: =VLOOKUP(Summary!C11,Sheet1!$C$5:$AC$21,6,0)+K11-VLOOKUP(Summary!C11,Sheet1!$C$5:$AC$21,8,0) -> 0 | M11: =+J11+K11-L11 -> 3 | N11: =VLOOKUP(Summary!C11,Sheet1!$C$5:$AC$21,11,0) -> 0 | O11: =VLOOKUP(Summary!C11,Sheet1!$C$5:$AC$21,8,0)+N11-VLOOKUP(Summary!C11,Sheet1!$C$5:$AC$21,10,0) -> 0 | P11: =+M11+N11-O11 -> 3 | Q11: =VLOOKUP(Summary!C11,Sheet1!$C$5:$AC$21,13,0) -> 0 | R11: =VLOOKUP(Summary!C11,Sheet1!$C$5:$AC$21,10,0)+Q11-VLOOKUP(Summary!C11,Sheet1!$C$5:$AC$21,12,0) -> 0 | S11: =+P11+Q11-R11 -> 3 | T11: =VLOOKUP(Summary!C11,Sheet1!$C$5:$AC$21,15,0) -> 0 | U11: =VLOOKUP(Summary!C11,Sheet1!$C$5:$AC$21,12,0)+T11-VLOOKUP(Summary!C11,Sheet1!$C$5:$AC$21,14,0) -> 0 | V11: =+S11+T11-U11 -> 3 | W11: =VLOOKUP(Summary!C11,Sheet1!$C$5:$AC$21,17,0) -> 0 | X11: =VLOOKUP(Summary!C11,Sheet1!$C$5:$AC$21,14,0)+W11-VLOOKUP(Summary!C11,Sheet1!$C$5:$AC$21,16,0) -> 0 | Y11: =+V11+W11-X11 -> 3 | Z11: =VLOOKUP(Summary!C11,Sheet1!$C$5:$AC$21,19,0) -> 0 | AA11: =VLOOKUP(Summary!C11,Sheet1!$C$5:$AC$21,16,0)+Z11-VLOOKUP(Summary!C11,Sheet1!$C$5:$AC$21,18,0) -> 0 | AB11: =+Y11+Z11-AA11 -> 3 | AC11: =VLOOKUP(Summary!C11,Sheet1!$C$5:$AC$21,21,0) -> 0 | AD11: =VLOOKUP(Summary!C11,Sheet1!$C$5:$AC$21,18,0)+AC11-VLOOKUP(Summary!C11,Sheet1!$C$5:$AC$21,20,0) -> 0 | AE11: =+AB11+AC11-AD11 -> 3 | AF11: =VLOOKUP(Summary!C11,Sheet1!$C$5:$AC$21,23,0) -> 0 | AG11: =VLOOKUP(Summary!C11,Sheet1!$C$5:$AC$21,20,0)+AF11-VLOOKUP(Summary!C11,Sheet1!$C$5:$AC$21,22,0) -> 0 | AH11: =+AE11+AF11-AG11 -> 3 | AI11: =VLOOKUP(Summary!C11,Sheet1!$C$5:$AC$21,25,0) -> 0 | AJ11: =VLOOKUP(Summary!C11,Sheet1!$C$5:$AC$21,22,0)+AI11-VLOOKUP(Summary!C11,Sheet1!$C$5:$AC$21,24,0) -> 0 | AK11: =+AH11+AI11-AJ11 -> 3 | AL11: =VLOOKUP(Summary!C11,Sheet1!$C$5:$AC$21,27,0) -> 0 | AM11: =VLOOKUP(Summary!C11,Sheet1!$C$5:$AC$21,24,0)+AL11-VLOOKUP(Summary!C11,Sheet1!$C$5:$AC$21,26,0) -> 0 | AN11: =+AK11+AL11-AM11 -> 3 | AO11: =+E11+H11+K11+N11+Q11+T11+W11+Z11+AC11+AF11+AI11+AL11 -> 0 | AP11: =+F11+I11+L11+O11+R11+U11+X11+AA11+AD11+AG11+AJ11+AM11 -> 0 | AQ11: =+D11+AO11-AP11 -> 3
B12: QCT_1st floor | C12: QCTOff | D12: =VLOOKUP(Summary!C12,Sheet1!$C$5:$AC$21,2,0) -> 5 | E12: =VLOOKUP(Summary!C12,Sheet1!$C$5:$AC$21,5,0) -> 0 | F12: =VLOOKUP(Summary!C12,Sheet1!$C$5:$AC$21,2,0)+E12-VLOOKUP(Summary!C12,Sheet1!$C$5:$AC$21,4,0) -> 0 | G12: =+D12+E12-F12 -> 5 | H12: =VLOOKUP(Summary!C12,Sheet1!$C$5:$AC$21,7,0) -> 0 | I12: =VLOOKUP(Summary!C12,Sheet1!$C$5:$AC$21,4,0)+H12-VLOOKUP(Summary!C12,Sheet1!$C$5:$AC$21,6,0) -> 0 | J12: =+G12+H12-I12 -> 5 | K12: =VLOOKUP(Summary!C12,Sheet1!$C$5:$AC$21,9,0) -> 0 | L12: =VLOOKUP(Summary!C12,Sheet1!$C$5:$AC$21,6,0)+K12-VLOOKUP(Summary!C12,Sheet1!$C$5:$AC$21,8,0) -> 0 | M12: =+J12+K12-L12 -> 5 | N12: =VLOOKUP(Summary!C12,Sheet1!$C$5:$AC$21,11,0) -> 0 | O12: =VLOOKUP(Summary!C12,Sheet1!$C$5:$AC$21,8,0)+N12-VLOOKUP(Summary!C12,Sheet1!$C$5:$AC$21,10,0) -> 0 | P12: =+M12+N12-O12 -> 5 | Q12: =VLOOKUP(Summary!C12,Sheet1!$C$5:$AC$21,13,0) -> 0 | R12: =VLOOKUP(Summary!C12,Sheet1!$C$5:$AC$21,10,0)+Q12-VLOOKUP(Summary!C12,Sheet1!$C$5:$AC$21,12,0) -> 0 | S12: =+P12+Q12-R12 -> 5 | T12: =VLOOKUP(Summary!C12,Sheet1!$C$5:$AC$21,15,0) -> 0 | U12: =VLOOKUP(Summary!C12,Sheet1!$C$5:$AC$21,12,0)+T12-VLOOKUP(Summary!C12,Sheet1!$C$5:$AC$21,14,0) -> 0 | V12: =+S12+T12-U12 -> 5 | W12: =VLOOKUP(Summary!C12,Sheet1!$C$5:$AC$21,17,0) -> 0 | X12: =VLOOKUP(Summary!C12,Sheet1!$C$5:$AC$21,14,0)+W12-VLOOKUP(Summary!C12,Sheet1!$C$5:$AC$21,16,0) -> 0 | Y12: =+V12+W12-X12 -> 5 | Z12: =VLOOKUP(Summary!C12,Sheet1!$C$5:$AC$21,19,0) -> 0 | AA12: =VLOOKUP(Summary!C12,Sheet1!$C$5:$AC$21,16,0)+Z12-VLOOKUP(Summary!C12,Sheet1!$C$5:$AC$21,18,0) -> 0 | AB12: =+Y12+Z12-AA12 -> 5 | AC12: =VLOOKUP(Summary!C12,Sheet1!$C$5:$AC$21,21,0) -> 0 | AD12: =VLOOKUP(Summary!C12,Sheet1!$C$5:$AC$21,18,0)+AC12-VLOOKUP(Summary!C12,Sheet1!$C$5:$AC$21,20,0) -> 0 | AE12: =+AB12+AC12-AD12 -> 5 | AF12: =VLOOKUP(Summary!C12,Sheet1!$C$5:$AC$21,23,0) -> 0 | AG12: =VLOOKUP(Summary!C12,Sheet1!$C$5:$AC$21,20,0)+AF12-VLOOKUP(Summary!C12,Sheet1!$C$5:$AC$21,22,0) -> 0 | AH12: =+AE12+AF12-AG12 -> 5 | AI12: =VLOOKUP(Summary!C12,Sheet1!$C$5:$AC$21,25,0) -> 0 | AJ12: =VLOOKUP(Summary!C12,Sheet1!$C$5:$AC$21,22,0)+AI12-VLOOKUP(Summary!C12,Sheet1!$C$5:$AC$21,24,0) -> 0 | AK12: =+AH12+AI12-AJ12 -> 5 | AL12: =VLOOKUP(Summary!C12,Sheet1!$C$5:$AC$21,27,0) -> 0 | AM12: =VLOOKUP(Summary!C12,Sheet1!$C$5:$AC$21,24,0)+AL12-VLOOKUP(Summary!C12,Sheet1!$C$5:$AC$21,26,0) -> 0 | AN12: =+AK12+AL12-AM12 -> 5 | AO12: =+E12+H12+K12+N12+Q12+T12+W12+Z12+AC12+AF12+AI12+AL12 -> 0 | AP12: =+F12+I12+L12+O12+R12+U12+X12+AA12+AD12+AG12+AJ12+AM12 -> 0 | AQ12: =+D12+AO12-AP12 -> 5
A13: Worker | B13: MAT | C13: MAT | D13: =VLOOKUP(Summary!C13,Sheet1!$C$5:$AC$21,2,0) -> 152 | E13: =VLOOKUP(Summary!C13,Sheet1!$C$5:$AC$21,5,0) -> 17 | F13: =VLOOKUP(Summary!C13,Sheet1!$C$5:$AC$21,2,0)+E13-VLOOKUP(Summary!C13,Sheet1!$C$5:$AC$21,4,0) -> 17 | G13: =+D13+E13-F13 -> 152 | H13: =VLOOKUP(Summary!C13,Sheet1!$C$5:$AC$21,7,0) -> 0 | I13: =VLOOKUP(Summary!C13,Sheet1!$C$5:$AC$21,4,0)+H13-VLOOKUP(Summary!C13,Sheet1!$C$5:$AC$21,6,0) -> 1 | J13: =+G13+H13-I13 -> 151 | K13: =VLOOKUP(Summary!C13,Sheet1!$C$5:$AC$21,9,0) -> 0 | L13: =VLOOKUP(Summary!C13,Sheet1!$C$5:$AC$21,6,0)+K13-VLOOKUP(Summary!C13,Sheet1!$C$5:$AC$21,8,0) -> 0 | M13: =+J13+K13-L13 -> 151 | N13: =VLOOKUP(Summary!C13,Sheet1!$C$5:$AC$21,11,0) -> 0 | O13: =VLOOKUP(Summary!C13,Sheet1!$C$5:$AC$21,8,0)+N13-VLOOKUP(Summary!C13,Sheet1!$C$5:$AC$21,10,0) -> 0 | P13: =+M13+N13-O13 -> 151 | Q13: =VLOOKUP(Summary!C13,Sheet1!$C$5:$AC$21,13,0) -> 0 | R13: =VLOOKUP(Summary!C13,Sheet1!$C$5:$AC$21,10,0)+Q13-VLOOKUP(Summary!C13,Sheet1!$C$5:$AC$21,12,0) -> 0 | S13: =+P13+Q13-R13 -> 151 | T13: =VLOOKUP(Summary!C13,Sheet1!$C$5:$AC$21,15,0) -> 0 | U13: =VLOOKUP(Summary!C13,Sheet1!$C$5:$AC$21,12,0)+T13-VLOOKUP(Summary!C13,Sheet1!$C$5:$AC$21,14,0) -> 0 | V13: =+S13+T13-U13 -> 151 | W13: =VLOOKUP(Summary!C13,Sheet1!$C$5:$AC$21,17,0) -> 0 | X13: =VLOOKUP(Summary!C13,Sheet1!$C$5:$AC$21,14,0)+W13-VLOOKUP(Summary!C13,Sheet1!$C$5:$AC$21,16,0) -> 0 | Y13: =+V13+W13-X13 -> 151 | Z13: =VLOOKUP(Summary!C13,Sheet1!$C$5:$AC$21,19,0) -> 0 | AA13: =VLOOKUP(Summary!C13,Sheet1!$C$5:$AC$21,16,0)+Z13-VLOOKUP(Summary!C13,Sheet1!$C$5:$AC$21,18,0) -> 0 | AB13: =+Y13+Z13-AA13 -> 151 | AC13: =VLOOKUP(Summary!C13,Sheet1!$C$5:$AC$21,21,0) -> 0 | AD13: =VLOOKUP(Summary!C13,Sheet1!$C$5:$AC$21,18,0)+AC13-VLOOKUP(Summary!C13,Sheet1!$C$5:$AC$21,20,0) -> 0 | AE13: =+AB13+AC13-AD13 -> 151 | AF13: =VLOOKUP(Summary!C13,Sheet1!$C$5:$AC$21,23,0) -> 0 | AG13: =VLOOKUP(Summary!C13,Sheet1!$C$5:$AC$21,20,0)+AF13-VLOOKUP(Summary!C13,Sheet1!$C$5:$AC$21,22,0) -> 0 | AH13: =+AE13+AF13-AG13 -> 151 | AI13: =VLOOKUP(Summary!C13,Sheet1!$C$5:$AC$21,25,0) -> 0 | AJ13: =VLOOKUP(Summary!C13,Sheet1!$C$5:$AC$21,22,0)+AI13-VLOOKUP(Summary!C13,Sheet1!$C$5:$AC$21,24,0) -> 0 | AK13: =+AH13+AI13-AJ13 -> 151 | AL13: =VLOOKUP(Summary!C13,Sheet1!$C$5:$AC$21,27,0) -> 0 | AM13: =VLOOKUP(Summary!C13,Sheet1!$C$5:$AC$21,24,0)+AL13-VLOOKUP(Summary!C13,Sheet1!$C$5:$AC$21,26,0) -> 0 | AN13: =+AK13+AL13-AM13 -> 151 | AO13: =+E13+H13+K13+N13+Q13+T13+W13+Z13+AC13+AF13+AI13+AL13 -> 17 | AP13: =+F13+I13+L13+O13+R13+U13+X13+AA13+AD13+AG13+AJ13+AM13 -> 18 | AQ13: =+D13+AO13-AP13 -> 151
B14: MET | C14: MET | D14: =VLOOKUP(Summary!C14,Sheet1!$C$5:$AC$21,2,0) -> 2 | E14: =VLOOKUP(Summary!C14,Sheet1!$C$5:$AC$21,5,0) -> 0 | F14: =VLOOKUP(Summary!C14,Sheet1!$C$5:$AC$21,2,0)+E14-VLOOKUP(Summary!C14,Sheet1!$C$5:$AC$21,4,0) -> 0 | G14: =+D14+E14-F14 -> 2 | H14: =VLOOKUP(Summary!C14,Sheet1!$C$5:$AC$21,7,0) -> 0 | I14: =VLOOKUP(Summary!C14,Sheet1!$C$5:$AC$21,4,0)+H14-VLOOKUP(Summary!C14,Sheet1!$C$5:$AC$21,6,0) -> 0 | J14: =+G14+H14-I14 -> 2 | K14: =VLOOKUP(Summary!C14,Sheet1!$C$5:$AC$21,9,0) -> 0 | L14: =VLOOKUP(Summary!C14,Sheet1!$C$5:$AC$21,6,0)+K14-VLOOKUP(Summary!C14,Sheet1!$C$5:$AC$21,8,0) -> 0 | M14: =+J14+K14-L14 -> 2 | N14: =VLOOKUP(Summary!C14,Sheet1!$C$5:$AC$21,11,0) -> 0 | O14: =VLOOKUP(Summary!C14,Sheet1!$C$5:$AC$21,8,0)+N14-VLOOKUP(Summary!C14,Sheet1!$C$5:$AC$21,10,0) -> 0 | P14: =+M14+N14-O14 -> 2 | Q14: =VLOOKUP(Summary!C14,Sheet1!$C$5:$AC$21,13,0) -> 0 | R14: =VLOOKUP(Summary!C14,Sheet1!$C$5:$AC$21,10,0)+Q14-VLOOKUP(Summary!C14,Sheet1!$C$5:$AC$21,12,0) -> 0 | S14: =+P14+Q14-R14 -> 2 | T14: =VLOOKUP(Summary!C14,Sheet1!$C$5:$AC$21,15,0) -> 0 | U14: =VLOOKUP(Summary!C14,Sheet1!$C$5:$AC$21,12,0)+T14-VLOOKUP(Summary!C14,Sheet1!$C$5:$AC$21,14,0) -> 0 | V14: =+S14+T14-U14 -> 2 | W14: =VLOOKUP(Summary!C14,Sheet1!$C$5:$AC$21,17,0) -> 0 | X14: =VLOOKUP(Summary!C14,Sheet1!$C$5:$AC$21,14,0)+W14-VLOOKUP(Summary!C14,Sheet1!$C$5:$AC$21,16,0) -> 0 | Y14: =+V14+W14-X14 -> 2 | Z14: =VLOOKUP(Summary!C14,Sheet1!$C$5:$AC$21,19,0) -> 0 | AA14: =VLOOKUP(Summary!C14,Sheet1!$C$5:$AC$21,16,0)+Z14-VLOOKUP(Summary!C14,Sheet1!$C$5:$AC$21,18,0) -> 0 | AB14: =+Y14+Z14-AA14 -> 2 | AC14: =VLOOKUP(Summary!C14,Sheet1!$C$5:$AC$21,21,0) -> 0 | AD14: =VLOOKUP(Summary!C14,Sheet1!$C$5:$AC$21,18,0)+AC14-VLOOKUP(Summary!C14,Sheet1!$C$5:$AC$21,20,0) -> 0 | AE14: =+AB14+AC14-AD14 -> 2 | AF14: =VLOOKUP(Summary!C14,Sheet1!$C$5:$AC$21,23,0) -> 0 | AG14: =VLOOKUP(Summary!C14,Sheet1!$C$5:$AC$21,20,0)+AF14-VLOOKUP(Summary!C14,Sheet1!$C$5:$AC$21,22,0) -> 0 | AH14: =+AE14+AF14-AG14 -> 2 | AI14: =VLOOKUP(Summary!C14,Sheet1!$C$5:$AC$21,25,0) -> 0 | AJ14: =VLOOKUP(Summary!C14,Sheet1!$C$5:$AC$21,22,0)+AI14-VLOOKUP(Summary!C14,Sheet1!$C$5:$AC$21,24,0) -> 0 | AK14: =+AH14+AI14-AJ14 -> 2 | AL14: =VLOOKUP(Summary!C14,Sheet1!$C$5:$AC$21,27,0) -> 0 | AM14: =VLOOKUP(Summary!C14,Sheet1!$C$5:$AC$21,24,0)+AL14-VLOOKUP(Summary!C14,Sheet1!$C$5:$AC$21,26,0) -> 0 | AN14: =+AK14+AL14-AM14 -> 2 | AO14: =+E14+H14+K14+N14+Q14+T14+W14+Z14+AC14+AF14+AI14+AL14 -> 0 | AP14: =+F14+I14+L14+O14+R14+U14+X14+AA14+AD14+AG14+AJ14+AM14 -> 0 | AQ14: =+D14+AO14-AP14 -> 2
B15: SCT | C15: DRV | D15: =VLOOKUP(Summary!C15,Sheet1!$C$5:$AC$21,2,0) -> 1 | E15: =VLOOKUP(Summary!C15,Sheet1!$C$5:$AC$21,5,0) -> 0 | F15: =VLOOKUP(Summary!C15,Sheet1!$C$5:$AC$21,2,0)+E15-VLOOKUP(Summary!C15,Sheet1!$C$5:$AC$21,4,0) -> 0 | G15: =+D15+E15-F15 -> 1 | H15: =VLOOKUP(Summary!C15,Sheet1!$C$5:$AC$21,7,0) -> 0 | I15: =VLOOKUP(Summary!C15,Sheet1!$C$5:$AC$21,4,0)+H15-VLOOKUP(Summary!C15,Sheet1!$C$5:$AC$21,6,0) -> 0 | J15: =+G15+H15-I15 -> 1 | K15: =VLOOKUP(Summary!C15,Sheet1!$C$5:$AC$21,9,0) -> 0 | L15: =VLOOKUP(Summary!C15,Sheet1!$C$5:$AC$21,6,0)+K15-VLOOKUP(Summary!C15,Sheet1!$C$5:$AC$21,8,0) -> 0 | M15: =+J15+K15-L15 -> 1 | N15: =VLOOKUP(Summary!C15,Sheet1!$C$5:$AC$21,11,0) -> 0 | O15: =VLOOKUP(Summary!C15,Sheet1!$C$5:$AC$21,8,0)+N15-VLOOKUP(Summary!C15,Sheet1!$C$5:$AC$21,10,0) -> 0 | P15: =+M15+N15-O15 -> 1 | Q15: =VLOOKUP(Summary!C15,Sheet1!$C$5:$AC$21,13,0) -> 0 | R15: =VLOOKUP(Summary!C15,Sheet1!$C$5:$AC$21,10,0)+Q15-VLOOKUP(Summary!C15,Sheet1!$C$5:$AC$21,12,0) -> 0 | S15: =+P15+Q15-R15 -> 1 | T15: =VLOOKUP(Summary!C15,Sheet1!$C$5:$AC$21,15,0) -> 0 | U15: =VLOOKUP(Summary!C15,Sheet1!$C$5:$AC$21,12,0)+T15-VLOOKUP(Summary!C15,Sheet1!$C$5:$AC$21,14,0) -> 0 | V15: =+S15+T15-U15 -> 1 | W15: =VLOOKUP(Summary!C15,Sheet1!$C$5:$AC$21,17,0) -> 0 | X15: =VLOOKUP(Summary!C15,Sheet1!$C$5:$AC$21,14,0)+W15-VLOOKUP(Summary!C15,Sheet1!$C$5:$AC$21,16,0) -> 0 | Y15: =+V15+W15-X15 -> 1 | Z15: =VLOOKUP(Summary!C15,Sheet1!$C$5:$AC$21,19,0) -> 0 | AA15: =VLOOKUP(Summary!C15,Sheet1!$C$5:$AC$21,16,0)+Z15-VLOOKUP(Summary!C15,Sheet1!$C$5:$AC$21,18,0) -> 0 | AB15: =+Y15+Z15-AA15 -> 1 | AC15: =VLOOKUP(Summary!C15,Sheet1!$C$5:$AC$21,21,0) -> 0 | AD15: =VLOOKUP(Summary!C15,Sheet1!$C$5:$AC$21,18,0)+AC15-VLOOKUP(Summary!C15,Sheet1!$C$5:$AC$21,20,0) -> 0 | AE15: =+AB15+AC15-AD15 -> 1 | AF15: =VLOOKUP(Summary!C15,Sheet1!$C$5:$AC$21,23,0) -> 0 | AG15: =VLOOKUP(Summary!C15,Sheet1!$C$5:$AC$21,20,0)+AF15-VLOOKUP(Summary!C15,Sheet1!$C$5:$AC$21,22,0) -> 0 | AH15: =+AE15+AF15-AG15 -> 1 | AI15: =VLOOKUP(Summary!C15,Sheet1!$C$5:$AC$21,25,0) -> 0 | AJ15: =VLOOKUP(Summary!C15,Sheet1!$C$5:$AC$21,22,0)+AI15-VLOOKUP(Summary!C15,Sheet1!$C$5:$AC$21,24,0) -> 0 | AK15: =+AH15+AI15-AJ15 -> 1 | AL15: =VLOOKUP(Summary!C15,Sheet1!$C$5:$AC$21,27,0) -> 0 | AM15: =VLOOKUP(Summary!C15,Sheet1!$C$5:$AC$21,24,0)+AL15-VLOOKUP(Summary!C15,Sheet1!$C$5:$AC$21,26,0) -> 0 | AN15: =+AK15+AL15-AM15 -> 1 | AO15: =+E15+H15+K15+N15+Q15+T15+W15+Z15+AC15+AF15+AI15+AL15 -> 0 | AP15: =+F15+I15+L15+O15+R15+U15+X15+AA15+AD15+AG15+AJ15+AM15 -> 0 | AQ15: =+D15+AO15-AP15 -> 1
B16: MCT/MATERIAL | C16: MCTMATL | D16: =VLOOKUP(Summary!C16,Sheet1!$C$5:$AC$21,2,0) -> 6 | E16: =VLOOKUP(Summary!C16,Sheet1!$C$5:$AC$21,5,0) -> 0 | F16: =VLOOKUP(Summary!C16,Sheet1!$C$5:$AC$21,2,0)+E16-VLOOKUP(Summary!C16,Sheet1!$C$5:$AC$21,4,0) -> 0 | G16: =+D16+E16-F16 -> 6 | H16: =VLOOKUP(Summary!C16,Sheet1!$C$5:$AC$21,7,0) -> 0 | I16: =VLOOKUP(Summary!C16,Sheet1!$C$5:$AC$21,4,0)+H16-VLOOKUP(Summary!C16,Sheet1!$C$5:$AC$21,6,0) -> 0 | J16: =+G16+H16-I16 -> 6 | K16: =VLOOKUP(Summary!C16,Sheet1!$C$5:$AC$21,9,0) -> 0 | L16: =VLOOKUP(Summary!C16,Sheet1!$C$5:$AC$21,6,0)+K16-VLOOKUP(Summary!C16,Sheet1!$C$5:$AC$21,8,0) -> 0 | M16: =+J16+K16-L16 -> 6 | N16: =VLOOKUP(Summary!C16,Sheet1!$C$5:$AC$21,11,0) -> 0 | O16: =VLOOKUP(Summary!C16,Sheet1!$C$5:$AC$21,8,0)+N16-VLOOKUP(Summary!C16,Sheet1!$C$5:$AC$21,10,0) -> 0 | P16: =+M16+N16-O16 -> 6 | Q16: =VLOOKUP(Summary!C16,Sheet1!$C$5:$AC$21,13,0) -> 0 | R16: =VLOOKUP(Summary!C16,Sheet1!$C$5:$AC$21,10,0)+Q16-VLOOKUP(Summary!C16,Sheet1!$C$5:$AC$21,12,0) -> 0 | S16: =+P16+Q16-R16 -> 6 | T16: =VLOOKUP(Summary!C16,Sheet1!$C$5:$AC$21,15,0) -> 0 | U16: =VLOOKUP(Summary!C16,Sheet1!$C$5:$AC$21,12,0)+T16-VLOOKUP(Summary!C16,Sheet1!$C$5:$AC$21,14,0) -> 0 | V16: =+S16+T16-U16 -> 6 | W16: =VLOOKUP(Summary!C16,Sheet1!$C$5:$AC$21,17,0) -> 0 | X16: =VLOOKUP(Summary!C16,Sheet1!$C$5:$AC$21,14,0)+W16-VLOOKUP(Summary!C16,Sheet1!$C$5:$AC$21,16,0) -> 0 | Y16: =+V16+W16-X16 -> 6 | Z16: =VLOOKUP(Summary!C16,Sheet1!$C$5:$AC$21,19,0) -> 0 | AA16: =VLOOKUP(Summary!C16,Sheet1!$C$5:$AC$21,16,0)+Z16-VLOOKUP(Summary!C16,Sheet1!$C$5:$AC$21,18,0) -> 0 | AB16: =+Y16+Z16-AA16 -> 6 | AC16: =VLOOKUP(Summary!C16,Sheet1!$C$5:$AC$21,21,0) -> 0 | AD16: =VLOOKUP(Summary!C16,Sheet1!$C$5:$AC$21,18,0)+AC16-VLOOKUP(Summary!C16,Sheet1!$C$5:$AC$21,20,0) -> 0 | AE16: =+AB16+AC16-AD16 -> 6 | AF16: =VLOOKUP(Summary!C16,Sheet1!$C$5:$AC$21,23,0) -> 0 | AG16: =VLOOKUP(Summary!C16,Sheet1!$C$5:$AC$21,20,0)+AF16-VLOOKUP(Summary!C16,Sheet1!$C$5:$AC$21,22,0) -> 0 | AH16: =+AE16+AF16-AG16 -> 6 | AI16: =VLOOKUP(Summary!C16,Sheet1!$C$5:$AC$21,25,0) -> 0 | AJ16: =VLOOKUP(Summary!C16,Sheet1!$C$5:$AC$21,22,0)+AI16-VLOOKUP(Summary!C16,Sheet1!$C$5:$AC$21,24,0) -> 0 | AK16: =+AH16+AI16-AJ16 -> 6 | AL16: =VLOOKUP(Summary!C16,Sheet1!$C$5:$AC$21,27,0) -> 0 | AM16: =VLOOKUP(Summary!C16,Sheet1!$C$5:$AC$21,24,0)+AL16-VLOOKUP(Summary!C16,Sheet1!$C$5:$AC$21,26,0) -> 0 | AN16: =+AK16+AL16-AM16 -> 6 | AO16: =+E16+H16+K16+N16+Q16+T16+W16+Z16+AC16+AF16+AI16+AL16 -> 0 | AP16: =+F16+I16+L16+O16+R16+U16+X16+AA16+AD16+AG16+AJ16+AM16 -> 0 | AQ16: =+D16+AO16-AP16 -> 6
B17: MMT | C17: MMT | D17: =VLOOKUP(Summary!C17,Sheet1!$C$5:$AC$21,2,0) -> 7 | E17: =VLOOKUP(Summary!C17,Sheet1!$C$5:$AC$21,5,0) -> 0 | F17: =VLOOKUP(Summary!C17,Sheet1!$C$5:$AC$21,2,0)+E17-VLOOKUP(Summary!C17,Sheet1!$C$5:$AC$21,4,0) -> 0 | G17: =+D17+E17-F17 -> 7 | H17: =VLOOKUP(Summary!C17,Sheet1!$C$5:$AC$21,7,0) -> 0 | I17: =VLOOKUP(Summary!C17,Sheet1!$C$5:$AC$21,4,0)+H17-VLOOKUP(Summary!C17,Sheet1!$C$5:$AC$21,6,0) -> 0 | J17: =+G17+H17-I17 -> 7 | K17: =VLOOKUP(Summary!C17,Sheet1!$C$5:$AC$21,9,0) -> 0 | L17: =VLOOKUP(Summary!C17,Sheet1!$C$5:$AC$21,6,0)+K17-VLOOKUP(Summary!C17,Sheet1!$C$5:$AC$21,8,0) -> 0 | M17: =+J17+K17-L17 -> 7 | N17: =VLOOKUP(Summary!C17,Sheet1!$C$5:$AC$21,11,0) -> 0 | O17: =VLOOKUP(Summary!C17,Sheet1!$C$5:$AC$21,8,0)+N17-VLOOKUP(Summary!C17,Sheet1!$C$5:$AC$21,10,0) -> 0 | P17: =+M17+N17-O17 -> 7 | Q17: =VLOOKUP(Summary!C17,Sheet1!$C$5:$AC$21,13,0) -> 0 | R17: =VLOOKUP(Summary!C17,Sheet1!$C$5:$AC$21,10,0)+Q17-VLOOKUP(Summary!C17,Sheet1!$C$5:$AC$21,12,0) -> 0 | S17: =+P17+Q17-R17 -> 7 | T17: =VLOOKUP(Summary!C17,Sheet1!$C$5:$AC$21,15,0) -> 0 | U17: =VLOOKUP(Summary!C17,Sheet1!$C$5:$AC$21,12,0)+T17-VLOOKUP(Summary!C17,Sheet1!$C$5:$AC$21,14,0) -> 0 | V17: =+S17+T17-U17 -> 7 | W17: =VLOOKUP(Summary!C17,Sheet1!$C$5:$AC$21,17,0) -> 0 | X17: =VLOOKUP(Summary!C17,Sheet1!$C$5:$AC$21,14,0)+W17-VLOOKUP(Summary!C17,Sheet1!$C$5:$AC$21,16,0) -> 0 | Y17: =+V17+W17-X17 -> 7 | Z17: =VLOOKUP(Summary!C17,Sheet1!$C$5:$AC$21,19,0) -> 0 | AA17: =VLOOKUP(Summary!C17,Sheet1!$C$5:$AC$21,16,0)+Z17-VLOOKUP(Summary!C17,Sheet1!$C$5:$AC$21,18,0) -> 0 | AB17: =+Y17+Z17-AA17 -> 7 | AC17: =VLOOKUP(Summary!C17,Sheet1!$C$5:$AC$21,21,0) -> 0 | AD17: =VLOOKUP(Summary!C17,Sheet1!$C$5:$AC$21,18,0)+AC17-VLOOKUP(Summary!C17,Sheet1!$C$5:$AC$21,20,0) -> 0 | AE17: =+AB17+AC17-AD17 -> 7 | AF17: =VLOOKUP(Summary!C17,Sheet1!$C$5:$AC$21,23,0) -> 0 | AG17: =VLOOKUP(Summary!C17,Sheet1!$C$5:$AC$21,20,0)+AF17-VLOOKUP(Summary!C17,Sheet1!$C$5:$AC$21,22,0) -> 0 | AH17: =+AE17+AF17-AG17 -> 7 | AI17: =VLOOKUP(Summary!C17,Sheet1!$C$5:$AC$21,25,0) -> 0 | AJ17: =VLOOKUP(Summary!C17,Sheet1!$C$5:$AC$21,22,0)+AI17-VLOOKUP(Summary!C17,Sheet1!$C$5:$AC$21,24,0) -> 0 | AK17: =+AH17+AI17-AJ17 -> 7 | AL17: =VLOOKUP(Summary!C17,Sheet1!$C$5:$AC$21,27,0) -> 0 | AM17: =VLOOKUP(Summary!C17,Sheet1!$C$5:$AC$21,24,0)+AL17-VLOOKUP(Summary!C17,Sheet1!$C$5:$AC$21,26,0) -> 0 | AN17: =+AK17+AL17-AM17 -> 7 | AO17: =+E17+H17+K17+N17+Q17+T17+W17+Z17+AC17+AF17+AI17+AL17 -> 0 | AP17: =+F17+I17+L17+O17+R17+U17+X17+AA17+AD17+AG17+AJ17+AM17 -> 0 | AQ17: =+D17+AO17-AP17 -> 7
B18: QCT | C18: QCT | D18: =VLOOKUP(Summary!C18,Sheet1!$C$5:$AC$21,2,0) -> 192 | E18: =VLOOKUP(Summary!C18,Sheet1!$C$5:$AC$21,5,0) -> 7 | F18: =VLOOKUP(Summary!C18,Sheet1!$C$5:$AC$21,2,0)+E18-VLOOKUP(Summary!C18,Sheet1!$C$5:$AC$21,4,0) -> 13 | G18: =+D18+E18-F18 -> 186 | H18: =VLOOKUP(Summary!C18,Sheet1!$C$5:$AC$21,7,0) -> 0 | I18: =VLOOKUP(Summary!C18,Sheet1!$C$5:$AC$21,4,0)+H18-VLOOKUP(Summary!C18,Sheet1!$C$5:$AC$21,6,0) -> 3 | J18: =+G18+H18-I18 -> 183 | K18: =VLOOKUP(Summary!C18,Sheet1!$C$5:$AC$21,9,0) -> 0 | L18: =VLOOKUP(Summary!C18,Sheet1!$C$5:$AC$21,6,0)+K18-VLOOKUP(Summary!C18,Sheet1!$C$5:$AC$21,8,0) -> 0 | M18: =+J18+K18-L18 -> 183 | N18: =VLOOKUP(Summary!C18,Sheet1!$C$5:$AC$21,11,0) -> 0 | O18: =VLOOKUP(Summary!C18,Sheet1!$C$5:$AC$21,8,0)+N18-VLOOKUP(Summary!C18,Sheet1!$C$5:$AC$21,10,0) -> 0 | P18: =+M18+N18-O18 -> 183 | Q18: =VLOOKUP(Summary!C18,Sheet1!$C$5:$AC$21,13,0) -> 0 | R18: =VLOOKUP(Summary!C18,Sheet1!$C$5:$AC$21,10,0)+Q18-VLOOKUP(Summary!C18,Sheet1!$C$5:$AC$21,12,0) -> 0 | S18: =+P18+Q18-R18 -> 183 | T18: =VLOOKUP(Summary!C18,Sheet1!$C$5:$AC$21,15,0) -> 0 | U18: =VLOOKUP(Summary!C18,Sheet1!$C$5:$AC$21,12,0)+T18-VLOOKUP(Summary!C18,Sheet1!$C$5:$AC$21,14,0) -> 0 | V18: =+S18+T18-U18 -> 183 | W18: =VLOOKUP(Summary!C18,Sheet1!$C$5:$AC$21,17,0) -> 0 | X18: =VLOOKUP(Summary!C18,Sheet1!$C$5:$AC$21,14,0)+W18-VLOOKUP(Summary!C18,Sheet1!$C$5:$AC$21,16,0) -> 0 | Y18: =+V18+W18-X18 -> 183 | Z18: =VLOOKUP(Summary!C18,Sheet1!$C$5:$AC$21,19,0) -> 0 | AA18: =VLOOKUP(Summary!C18,Sheet1!$C$5:$AC$21,16,0)+Z18-VLOOKUP(Summary!C18,Sheet1!$C$5:$AC$21,18,0) -> 0 | AB18: =+Y18+Z18-AA18 -> 183 | AC18: =VLOOKUP(Summary!C18,Sheet1!$C$5:$AC$21,21,0) -> 0 | AD18: =VLOOKUP(Summary!C18,Sheet1!$C$5:$AC$21,18,0)+AC18-VLOOKUP(Summary!C18,Sheet1!$C$5:$AC$21,20,0) -> 0 | AE18: =+AB18+AC18-AD18 -> 183 | AF18: =VLOOKUP(Summary!C18,Sheet1!$C$5:$AC$21,23,0) -> 0 | AG18: =VLOOKUP(Summary!C18,Sheet1!$C$5:$AC$21,20,0)+AF18-VLOOKUP(Summary!C18,Sheet1!$C$5:$AC$21,22,0) -> 0 | AH18: =+AE18+AF18-AG18 -> 183 | AI18: =VLOOKUP(Summary!C18,Sheet1!$C$5:$AC$21,25,0) -> 0 | AJ18: =VLOOKUP(Summary!C18,Sheet1!$C$5:$AC$21,22,0)+AI18-VLOOKUP(Summary!C18,Sheet1!$C$5:$AC$21,24,0) -> 0 | AK18: =+AH18+AI18-AJ18 -> 183 | AL18: =VLOOKUP(Summary!C18,Sheet1!$C$5:$AC$21,27,0) -> 0 | AM18: =VLOOKUP(Summary!C18,Sheet1!$C$5:$AC$21,24,0)+AL18-VLOOKUP(Summary!C18,Sheet1!$C$5:$AC$21,26,0) -> 0 | AN18: =+AK18+AL18-AM18 -> 183 | AO18: =+E18+H18+K18+N18+Q18+T18+W18+Z18+AC18+AF18+AI18+AL18 -> 7 | AP18: =+F18+I18+L18+O18+R18+U18+X18+AA18+AD18+AG18+AJ18+AM18 -> 16 | AQ18: =+D18+AO18-AP18 -> 183
A19: Other | B19: Service | C19: SEV | D19: =VLOOKUP(Summary!C19,Sheet1!$C$5:$AC$21,2,0) -> 3 | E19: =VLOOKUP(Summary!C19,Sheet1!$C$5:$AC$21,5,0) -> 0 | F19: =VLOOKUP(Summary!C19,Sheet1!$C$5:$AC$21,2,0)+E19-VLOOKUP(Summary!C19,Sheet1!$C$5:$AC$21,4,0) -> 0 | G19: =+D19+E19-F19 -> 3 | H19: =VLOOKUP(Summary!C19,Sheet1!$C$5:$AC$21,7,0) -> 0 | I19: =VLOOKUP(Summary!C19,Sheet1!$C$5:$AC$21,4,0)+H19-VLOOKUP(Summary!C19,Sheet1!$C$5:$AC$21,6,0) -> 0 | J19: =+G19+H19-I19 -> 3 | K19: =VLOOKUP(Summary!C19,Sheet1!$C$5:$AC$21,9,0) -> 0 | L19: =VLOOKUP(Summary!C19,Sheet1!$C$5:$AC$21,6,0)+K19-VLOOKUP(Summary!C19,Sheet1!$C$5:$AC$21,8,0) -> 0 | M19: =+J19+K19-L19 -> 3 | N19: =VLOOKUP(Summary!C19,Sheet1!$C$5:$AC$21,11,0) -> 0 | O19: =VLOOKUP(Summary!C19,Sheet1!$C$5:$AC$21,8,0)+N19-VLOOKUP(Summary!C19,Sheet1!$C$5:$AC$21,10,0) -> 0 | P19: =+M19+N19-O19 -> 3 | Q19: =VLOOKUP(Summary!C19,Sheet1!$C$5:$AC$21,13,0) -> 0 | R19: =VLOOKUP(Summary!C19,Sheet1!$C$5:$AC$21,10,0)+Q19-VLOOKUP(Summary!C19,Sheet1!$C$5:$AC$21,12,0) -> 0 | S19: =+P19+Q19-R19 -> 3 | T19: =VLOOKUP(Summary!C19,Sheet1!$C$5:$AC$21,15,0) -> 0 | U19: =VLOOKUP(Summary!C19,Sheet1!$C$5:$AC$21,12,0)+T19-VLOOKUP(Summary!C19,Sheet1!$C$5:$AC$21,14,0) -> 0 | V19: =+S19+T19-U19 -> 3 | W19: =VLOOKUP(Summary!C19,Sheet1!$C$5:$AC$21,17,0) -> 0 | X19: =VLOOKUP(Summary!C19,Sheet1!$C$5:$AC$21,14,0)+W19-VLOOKUP(Summary!C19,Sheet1!$C$5:$AC$21,16,0) -> 0 | Y19: =+V19+W19-X19 -> 3 | Z19: =VLOOKUP(Summary!C19,Sheet1!$C$5:$AC$21,19,0) -> 0 | AA19: =VLOOKUP(Summary!C19,Sheet1!$C$5:$AC$21,16,0)+Z19-VLOOKUP(Summary!C19,Sheet1!$C$5:$AC$21,18,0) -> 0 | AB19: =+Y19+Z19-AA19 -> 3 | AC19: =VLOOKUP(Summary!C19,Sheet1!$C$5:$AC$21,21,0) -> 0 | AD19: =VLOOKUP(Summary!C19,Sheet1!$C$5:$AC$21,18,0)+AC19-VLOOKUP(Summary!C19,Sheet1!$C$5:$AC$21,20,0) -> 0 | AE19: =+AB19+AC19-AD19 -> 3 | AF19: =VLOOKUP(Summary!C19,Sheet1!$C$5:$AC$21,23,0) -> 0 | AG19: =VLOOKUP(Summary!C19,Sheet1!$C$5:$AC$21,20,0)+AF19-VLOOKUP(Summary!C19,Sheet1!$C$5:$AC$21,22,0) -> 0 | AH19: =+AE19+AF19-AG19 -> 3 | AI19: =VLOOKUP(Summary!C19,Sheet1!$C$5:$AC$21,25,0) -> 0 | AJ19: =VLOOKUP(Summary!C19,Sheet1!$C$5:$AC$21,22,0)+AI19-VLOOKUP(Summary!C19,Sheet1!$C$5:$AC$21,24,0) -> 0 | AK19: =+AH19+AI19-AJ19 -> 3 | AL19: =VLOOKUP(Summary!C19,Sheet1!$C$5:$AC$21,27,0) -> 0 | AM19: =VLOOKUP(Summary!C19,Sheet1!$C$5:$AC$21,24,0)+AL19-VLOOKUP(Summary!C19,Sheet1!$C$5:$AC$21,26,0) -> 0 | AN19: =+AK19+AL19-AM19 -> 3 | AO19: =+E19+H19+K19+N19+Q19+T19+W19+Z19+AC19+AF19+AI19+AL19 -> 0 | AP19: =+F19+I19+L19+O19+R19+U19+X19+AA19+AD19+AG19+AJ19+AM19 -> 0 | AQ19: =+D19+AO19-AP19 -> 3
A20: Subtotal | D20: =SUBTOTAL(9,D4:D19) -> 392 | E20: =SUM(E4:E19) -> 24 | F20: =SUM(F4:F19) -> 31 | G20: =+D20+E20-F20-F21 -> 385 | H20: =SUM(H4:H19) -> 0 | I20: =SUM(I4:I19) -> 4 | J20: =+G20+H20-I20+H21-I21 -> 381 | K20: =SUM(K4:K19) -> 0 | L20: =SUM(L4:L19) -> 0 | M20: =+J20+K20-L20-L21+K21 -> 381 | N20: =SUM(N4:N19) -> 0 | O20: =SUM(O4:O19) -> 0 | P20: =+M20+N20-O20+N21-O21 -> 381 | Q20: =SUM(Q4:Q19) -> 0 | R20: =SUM(R4:R19) -> 0 | S20: =+P20+Q20-R20+Q21-R21 -> 381 | T20: =SUM(T4:T19) -> 0 | U20: =SUM(U4:U19) -> 0 | V20: =+S20+T20-U20+T21-U21 -> 381 | W20: =SUM(W4:W19) -> 0 | X20: =SUM(X4:X19) -> 0 | Y20: =+V20+W20-X20+W21-X21 -> 381 | Z20: =SUM(Z4:Z19) -> 0 | AA20: =SUM(AA4:AA19) -> 0 | AB20: =+Y20+Z20-AA20+Z21-AA21 -> 381 | AC20: =SUM(AC4:AC19) -> 0 | AD20: =SUM(AD4:AD19) -> 0 | AE20: =+AB20+AC20-AD20+AC21-AD21 -> 381 | AF20: =SUM(AF4:AF19) -> 0 | AG20: =SUM(AG4:AG19) -> 0 | AH20: =+AE20+AF20-AG20+AF21-AG21 -> 381 | AI20: =SUM(AI4:AI19) -> 0 | AJ20: =SUM(AJ4:AJ19) -> 0 | AK20: =+AH20+AI20-AJ20+AI21-AJ21 -> 381 | AL20: =SUM(AL4:AL19) -> 0 | AM20: =SUM(AM4:AM19) -> 0 | AN20: =+AK20+AL20-AM20+AL21-AM21 -> 381 | AO20: =+E20+H20+K20+N20+Q20+T20+W20+Z20+AC20+AF20+AI20+AL20 -> 24 | AP20: =+F20+I20+L20+O20+R20+U20+X20+AA20+AD20+AG20+AJ20+AM20 -> 35 | AQ20: =+D20+D21+AO21+AO20-AP20-AP21 -> 381

Sheet Ratio turn over
S1: 4% - 6% | T1: Ổn định
B2: Stop working status:
B3: Month | D3: Jan | E3: Feb | F3: Mar | G3: Apr | H3: May | I3: Jun | J3: Jul | K3: Aug | L3: Sep | M3: Oct | N3: Nov | O3: Dec | P3: Jan. | Q3: Ave
B4: Head count first of month | D4: =+Summary!D20 -> 392 | E4: =+Summary!G20 -> 385 | F4: =+E5 -> 381 | G4: =+F5 -> 381 | H4: =+G5 -> 381 | I4: =+H5 -> 381 | J4: =+I5 -> 381 | K4: =+J5 -> 381 | L4: =+K5 -> 381 | M4: =+L5 -> 381 | ... P4: =+O5 -> 381 | Q4: =+AVERAGE(D4:P4) -> 382.15385
B5: Head count end of month | D5: =+Summary!G20 -> 385 | E5: =+Summary!J20 -> 381 | F5: =+Summary!M20 -> 381 | G5: =+Summary!P20 -> 381 | H5: =+Summary!S20 -> 381 | I5: =+Summary!V20 -> 381 | J5: =+Summary!Y20 -> 381 | K5: =+Summary!AB20 -> 381 | L5: =+Summary!AE20 -> 381 | M5: =+Summary!AH20 -> 381 | N5: =+Summary!AK20 -> 381 | O5: =+Summary!AN20 -> 381 | P5: =+Summary!AO20 -> 24 | Q5: =+AVERAGE(D5:P5) -> 353.84615
B6: Average ( first+ end)/2 | D6: =+(D4+D5)/2 -> 388.5 | E6: =+(E4+E5)/2 -> 383 | F6: =+(F4+F5)/2 -> 381 | G6: =+(G4+G5)/2 -> 381 | H6: =+(H4+H5)/2 -> 381 | I6: =+(I4+I5)/2 -> 381 | J6: =+(J4+J5)/2 -> 381 | K6: =+(K4+K5)/2 -> 381 | ... P6: =+(P4+P5)/2 -> 202.5 | Q6: =+AVERAGE(D6:P6) -> 368
B7: Seniority of leaving | C7: Total | D7: =+SUM(D8:D12) -> 0 | E7: =+SUM(E8:E12) -> 0 | F7: =+SUM(F8:F12) -> 0 | G7: =+SUM(G8:G12) -> 0 | H7: =+SUM(H8:H12) -> 0 | I7: =+SUM(I8:I12) -> 0 | J7: =+SUM(J8:J12) -> 0 | K7: =+SUM(K8:K12) -> 0 | ... P7: =+SUM(P8:P12) -> 0 | Q7: =+AVERAGE(D7:P7) -> 0
C8: Under 1 month | D8: =SUM(Sheet1!AD5:AD20) -> 0 | E8: =SUM(Sheet1!AI5:AI20) -> 0 | F8: =SUM(Sheet1!AN5:AN20) -> 0 | G8: =SUM(Sheet1!AS5:AS20) -> 0 | H8: =SUM(Sheet1!AX5:AX20) -> 0 | I8: =SUM(Sheet1!BC5:BC20) -> 0 | J8: =SUM(Sheet1!BH5:BH20) -> 0 | K8: =SUM(Sheet1!BM5:BM20) -> 0 | L8: =SUM(Sheet1!BR5:BR20) -> 0 | M8: =SUM(Sheet1!BW5:BW20) -> 0 | N8: =SUM(Sheet1!CG5:CG20) -> 0 | O8: =SUM(Sheet1!CP5:CP20) -> 0 | P8: =SUM(Sheet1!CU5:CU20) -> 0 | Q8: =+AVERAGE(D8:P8) -> 0 | S8: Divide | T8: Jan | U8: Feb | V8: Mar | W8: Apr | X8: May | Y8: Jun | Z8: Jul | AA8: Aug | AB8: Sep | AC8: Oct | AD8: Nov | AE8: Dec | AF8: Jan | AG8: Ave
C9: From 1 to 3 months | D9: =SUM(Sheet1!AE5:AE20) -> 0 | E9: =SUM(Sheet1!AJ5:AJ20) -> 0 | F9: =SUM(Sheet1!AO5:AO20) -> 0 | G9: =SUM(Sheet1!AT5:AT20) -> 0 | H9: =SUM(Sheet1!AY5:AY20) -> 0 | I9: =SUM(Sheet1!BD5:BD20) -> 0 | J9: =SUM(Sheet1!BI5:BI20) -> 0 | K9: =SUM(Sheet1!BN5:BN20) -> 0 | L9: =SUM(Sheet1!BS5:BS20) -> 0 | M9: =SUM(Sheet1!BX5:BX20) -> 0 | N9: =SUM(Sheet1!CH5:CH20) -> 0 | O9: =SUM(Sheet1!CQ5:CQ20) -> 0 | P9: =SUM(Sheet1!CV5:CV20) -> 0 | Q9: =+AVERAGE(D9:P9) -> 0 | S9: Under 1 month | T9: =+D8 -> 0 | U9: =+E8 -> 0 | V9: =+F8 -> 0 | W9: =+G8 -> 0 | X9: =+H8 -> 0 | Y9: =+I8 -> 0 | Z9: =+J8 -> 0 | AA9: =+K8 -> 0 | ... AF9: =+P8 -> 0 | AG9: =+AVERAGE(T9:AF9) -> 0
C10: From 3 to 6 months | D10: =SUM(Sheet1!AF5:AF20) -> 0 | E10: =SUM(Sheet1!AK5:AK20) -> 0 | F10: =SUM(Sheet1!AP5:AP20) -> 0 | G10: =SUM(Sheet1!AU5:AU20) -> 0 | H10: =SUM(Sheet1!AZ5:AZ20) -> 0 | I10: =SUM(Sheet1!BE5:BE20) -> 0 | J10: =SUM(Sheet1!BJ5:BJ20) -> 0 | K10: =SUM(Sheet1!BO5:BO20) -> 0 | L10: =SUM(Sheet1!BT5:BT20) -> 0 | M10: =SUM(Sheet1!BY5:BY20) -> 0 | N10: =SUM(Sheet1!CI5:CI20) -> 0 | O10: =SUM(Sheet1!CR5:CR20) -> 0 | P10: =SUM(Sheet1!CW5:CW20) -> 0 | Q10: =+AVERAGE(D10:P10) -> 0 | S10: From 1 to 3 months | T10: =+D9 -> 0 | U10: =+E9 -> 0 | V10: =+F9 -> 0 | W10: =+G9 -> 0 | X10: =+H9 -> 0 | Y10: =+I9 -> 0 | Z10: =+J9 -> 0 | AA10: =+K9 -> 0 | ... AF10: =+P9 -> 0 | AG10: =+AVERAGE(T10:AF10) -> 0
C11: From 6 months to 1 year | D11: =SUM(Sheet1!AG5:AG20) -> 0 | E11: =SUM(Sheet1!AL5:AL20) -> 0 | F11: =SUM(Sheet1!AQ5:AQ20) -> 0 | G11: =SUM(Sheet1!AV5:AV20) -> 0 | H11: =SUM(Sheet1!BA5:BA20) -> 0 | I11: =SUM(Sheet1!BF5:BF20) -> 0 | J11: =SUM(Sheet1!BK5:BK20) -> 0 | K11: =SUM(Sheet1!BP5:BP20) -> 0 | L11: =SUM(Sheet1!BU5:BU20) -> 0 | M11: =SUM(Sheet1!BZ5:BZ20) -> 0 | N11: =SUM(Sheet1!CJ5:CJ20) -> 0 | O11: =SUM(Sheet1!CS5:CS20) -> 0 | P11: =SUM(Sheet1!CX5:CX20) -> 0 | Q11: =+AVERAGE(D11:P11) -> 0 | S11: From 3 to 6 months | T11: =+D10 -> 0 | U11: =+E10 -> 0 | V11: =+F10 -> 0 | W11: =+G10 -> 0 | X11: =+H10 -> 0 | Y11: =+I10 -> 0 | Z11: =+J10 -> 0 | AA11: =+K10 -> 0 | ... AF11: =+P10 -> 0 | AG11: =+AVERAGE(T11:AF11) -> 0
C12: Over 1 year | D12: =SUM(Sheet1!AH5:AH20) -> 0 | E12: =SUM(Sheet1!AM5:AM20) -> 0 | F12: =SUM(Sheet1!AR5:AR20) -> 0 | G12: =SUM(Sheet1!AW5:AW20) -> 0 | H12: =SUM(Sheet1!BB5:BB20) -> 0 | I12: =SUM(Sheet1!BG5:BG20) -> 0 | J12: =SUM(Sheet1!BL5:BL20) -> 0 | K12: =SUM(Sheet1!BQ5:BQ20) -> 0 | L12: =SUM(Sheet1!BV5:BV20) -> 0 | M12: =SUM(Sheet1!CA5:CA20) -> 0 | N12: =SUM(Sheet1!CO5:CO20) -> 0 | O12: =SUM(Sheet1!CT5:CT20) -> 0 | P12: =SUM(Sheet1!CY5:CY20) -> 0 | Q12: =+AVERAGE(D12:P12) -> 0 | S12: From 6 to 1 year | T12: =+D11 -> 0 | U12: =+E11 -> 0 | V12: =+F11 -> 0 | W12: =+G11 -> 0 | X12: =+H11 -> 0 | Y12: =+I11 -> 0 | Z12: =+J11 -> 0 | AA12: =+K11 -> 0 | ... AF12: =+P11 -> 0 | AG12: =+AVERAGE(T12:AF12) -> 0
B13: Turnover rate (%) | D13: =+D7/D6 -> 0 | E13: =+E7/E6 -> 0 | F13: =+F7/F6 -> 0 | G13: =+G7/G6 -> 0 | H13: =+H7/H6 -> 0 | I13: =+I7/I6 -> 0 | J13: =+J7/J6 -> 0 | K13: =+K7/K6 -> 0 | ... P13: =+P7/P6 -> 0 | Q13: =+AVERAGE(D13:P13) -> 0 | S13: Over 1 year | T13: =+D12 -> 0 | U13: =+E12 -> 0 | V13: =+F12 -> 0 | W13: =+G12 -> 0 | X13: =+H12 -> 0 | Y13: =+I12 -> 0 | Z13: =+J12 -> 0 | AA13: =+K12 -> 0 | ... AF13: =+P12 -> 0 | AG13: =+AVERAGE(T13:AF13) -> 0
S14: Total | T14: =SUM(T9:T13) -> 0 | U14: =SUM(U9:U13) -> 0 | V14: =SUM(V9:V13) -> 0 | W14: =SUM(W9:W13) -> 0 | X14: =SUM(X9:X13) -> 0 | Y14: =SUM(Y9:Y13) -> 0 | Z14: =SUM(Z9:Z13) -> 0 | AA14: =SUM(AA9:AA13) -> 0 | ... AF14: =SUM(AF9:AF13) -> 0 | AG14: =+AVERAGE(T14:AF14) -> 0
